"","OTU12","OTU29","OTU77","OTU86","OTU97","OTU106","OTU115","OTU156","OTU200","OTU221","OTU288","OTU332","OTU384","OTU400","OTU416","OTU468","OTU575","OTU591","OTU1","OTU2","OTU3","OTU4","OTU5","OTU6","OTU7","OTU8","OTU9","OTU10","OTU11","OTU13","OTU14","OTU15","OTU16","OTU17","OTU18","OTU19","OTU20","OTU21","OTU22","OTU23","OTU24","OTU25","OTU26","OTU27","OTU28","OTU30","OTU31","OTU32","OTU33","OTU34","OTU35","OTU36","OTU37","OTU38","OTU39","OTU40","OTU41","OTU42","OTU43","OTU44","OTU45","OTU46","OTU47","OTU48","OTU49","OTU50","OTU51","OTU52","OTU53","OTU54","OTU55","OTU56","OTU57","OTU58","OTU59","OTU60","OTU61","OTU62","OTU63","OTU64","OTU65","OTU66","OTU67","OTU68","OTU69","OTU70","OTU71","OTU72","OTU73","OTU74","OTU75","OTU76","OTU78","OTU79","OTU80","OTU81","OTU82","OTU83","OTU84","OTU85","OTU87","OTU88","OTU89","OTU90","OTU91","OTU92","OTU93","OTU94","OTU95","OTU96","OTU98","OTU99","OTU100","OTU101","OTU102","OTU103","OTU104","OTU105","OTU107","OTU108","OTU109","OTU110","OTU111","OTU112","OTU113","OTU116","OTU117","OTU118","OTU119","OTU120","OTU121","OTU122","OTU123","OTU124","OTU125","OTU126","OTU127","OTU128","OTU129","OTU130","OTU131","OTU132","OTU133","OTU134","OTU135","OTU136","OTU137","OTU138","OTU139","OTU140","OTU141","OTU142","OTU143","OTU144","OTU145","OTU146","OTU147","OTU148","OTU149","OTU150","OTU151","OTU152","OTU153","OTU154","OTU157","OTU159","OTU160","OTU163","OTU164","OTU165","OTU166","OTU168","OTU169","OTU170","OTU171","OTU172","OTU173","OTU174","OTU175","OTU176","OTU177","OTU178","OTU179","OTU181","OTU182","OTU183","OTU184","OTU185","OTU186","OTU187","OTU189","OTU190","OTU191","OTU192","OTU193","OTU194","OTU195","OTU196","OTU197","OTU198","OTU199","OTU201","OTU202","OTU203","OTU204","OTU205","OTU206","OTU208","OTU209","OTU210","OTU211","OTU213","OTU214","OTU216","OTU217","OTU218","OTU219","OTU220","OTU222","OTU223","OTU224","OTU225","OTU226","OTU227","OTU229","OTU230","OTU232","OTU233","OTU234","OTU235","OTU236","OTU237","OTU238","OTU239","OTU240","OTU241","OTU242","OTU243","OTU244","OTU245","OTU246","OTU247","OTU248","OTU249","OTU250","OTU251","OTU252","OTU254","OTU255","OTU256","OTU257","OTU258","OTU260","OTU262","OTU263","OTU264","OTU265","OTU266","OTU268","OTU269","OTU271","OTU272","OTU273","OTU274","OTU275","OTU276","OTU277","OTU278","OTU280","OTU282","OTU284","OTU285","OTU286","OTU289","OTU290","OTU291","OTU293","OTU295","OTU296","OTU299","OTU300","OTU301","OTU302","OTU304","OTU305","OTU306","OTU307","OTU308","OTU310","OTU311","OTU312","OTU314","OTU315","OTU316","OTU317","OTU318","OTU320","OTU321","OTU322","OTU323","OTU324","OTU325","OTU327","OTU329","OTU330","OTU331","OTU333","OTU334","OTU336","OTU337","OTU338","OTU339","OTU340","OTU341","OTU342","OTU343","OTU344","OTU345","OTU346","OTU348","OTU349","OTU350","OTU352","OTU353","OTU354","OTU355","OTU356","OTU357","OTU359","OTU361","OTU362","OTU363","OTU365","OTU366","OTU367","OTU368","OTU369","OTU374","OTU375","OTU378","OTU379","OTU380","OTU381","OTU382","OTU383","OTU386","OTU387","OTU388","OTU389","OTU390","OTU392","OTU393","OTU394","OTU396","OTU397","OTU399","OTU401","OTU402","OTU403","OTU405","OTU408","OTU409","OTU411","OTU413","OTU414","OTU415","OTU417","OTU419","OTU421","OTU425","OTU426","OTU427","OTU428","OTU430","OTU436","OTU438","OTU439","OTU441","OTU443","OTU445","OTU446","OTU449","OTU451","OTU453","OTU455","OTU456","OTU457","OTU458","OTU459","OTU460","OTU461","OTU462","OTU465","OTU466","OTU467","OTU469","OTU470","OTU471","OTU473","OTU474","OTU475","OTU476","OTU478","OTU479","OTU480","OTU481","OTU482","OTU483","OTU485","OTU487","OTU488","OTU490","OTU491","OTU493","OTU494","OTU496","OTU497","OTU499","OTU500","OTU501","OTU502","OTU504","OTU509","OTU510","OTU511","OTU512","OTU513","OTU514","OTU517","OTU518","OTU521","OTU523","OTU524","OTU525","OTU526","OTU528","OTU531","OTU532","OTU533","OTU537","OTU538","OTU539","OTU540","OTU541","OTU542","OTU546","OTU547","OTU548","OTU549","OTU550","OTU552","OTU554","OTU556","OTU563","OTU565","OTU573","OTU574","OTU576","OTU579","OTU580","OTU581","OTU582","OTU583","OTU586","OTU588","OTU589","OTU590","OTU592","OTU595","OTU596","OTU599","OTU601","OTU602","OTU605","OTU606","OTU610","OTU614","OTU616","OTU617","OTU618","OTU621","OTU622","OTU624","OTU626","OTU627","OTU628","OTU634","OTU641","OTU642","OTU643","OTU644","OTU646","OTU659","OTU660","OTU663","OTU664","OTU665","OTU666","OTU667","OTU669","OTU672","OTU674","OTU676","OTU695","OTU696","OTU699","OTU708","OTU710","OTU714","OTU737","OTU740","OTU744","OTU755","OTU756","OTU764","OTU777","OTU784","OTU786","OTU790","OTU792","OTU793","OTU794","OTU801","OTU813","OTU857","OTU859","OTU874","OTU897","OTU902","OTU917","OTU920","OTU941","OTU942","OTU954","OTU1008","OTU1011","OTU1055","OTU1099","OTU1148","OTU1189","OTU1192","OTU1318","OTU1322","OTU1324","OTU1358","OTU1406","OTU1474","OTU1589","OTU1594","OTU1596","OTU1623","OTU1697","OTU1698","OTU1703","OTU1777","OTU1898","OTU2423","OTU2699","OTU3143","OTU3777","OTU3958","OTU4137","OTU4462","OTU5191","OTU6773","OTU10482","OTU17710"
"E1aJ16_A",70,53,3,3,2,5,1,1,0,0,0,0,0,0,1,0,0,0,4042,861,510,650,97,1325,662,412,108,130,163,79,82,56,141,211,33,27,84,54,2,84,210,27,5,122,84,68,0,20,16,22,0,65,5,10,17,52,33,18,52,34,46,276,22,90,2,19,1,17,39,70,12,36,11,11,63,20,50,43,8,61,13,0,17,87,1,14,0,0,6,0,1,2,11,16,7,0,5,3,2,6,1,33,0,8,5,7,76,93,5,14,15,0,0,8,5,13,13,0,0,4,7,10,13,10,0,45,8,7,8,3,1,3,8,20,10,7,0,1,0,1,6,0,7,2,2,1,0,0,3,3,2,4,2,8,6,1,1,2,0,4,0,3,1,2,114,1,8,1,3,2,0,3,13,0,3,1,0,5,2,0,1,0,0,0,1,0,2,1,5,2,3,0,0,0,0,0,1,0,1,0,6,0,0,1,2,1,0,1,0,0,1,3,0,0,3,0,0,0,10,0,0,0,2,1,0,1,0,0,1,0,0,4,2,2,1,1,0,0,0,0,1,0,0,1,0,0,4,0,1,4,0,0,2,2,0,1,0,1,0,0,0,0,1,1,1,0,0,0,1,0,0,0,1,0,0,1,0,0,0,0,0,0,0,0,0,0,0,2,1,0,0,0,1,4,1,2,0,1,1,0,0,1,1,0,0,1,11,0,0,1,1,1,1,2,0,0,0,0,2,0,2,2,3,0,2,0,0,0,0,0,2,0,1,6,0,0,0,0,0,2,0,0,0,1,0,2,3,1,2,0,0,0,0,0,3,0,0,0,0,2,0,0,0,0,1,5,0,1,0,1,0,0,0,0,0,0,2,1,0,0,0,0,0,1,0,0,0,0,1,4,4,0,0,0,0,0,0,6,1,2,0,0,0,0,1,1,0,1,0,1,1,0,0,0,0,0,1,0,0,0,0,0,0,0,0,0,0,0,0,0,4,0,1,1,0,0,0,0,1,1,0,5,0,0,1,0,0,1,0,0,0,0,0,0,0,0,0,0,0,0,0,0,0,0,0,0,0,0,0,0,1,0,0,0,0,0,0,0,0,0,0,0,1,0,0,0,0,0,1,3,0,0,0,0,1,0,1,0,1,1,1,1,0,0,2,0,0,0,0,2,0,0,0,0,0,0,0,0,0,0,0,0,0,0,0,0,2,0,0,0,0,0,0,1,0,0,0,0,0,0,0,1,0,0,0,0,2,0,0,0,1,0,0,0,0,1,0,0,0,0,1,0,0,0,0,0,0
"E5aJ16_A",59,69,5,5,1,5,1,2,1,0,0,1,2,0,2,0,0,0,5295,725,530,566,178,1256,709,350,105,150,130,101,50,43,166,412,46,40,73,31,3,54,220,38,8,30,108,76,0,22,42,25,1,87,6,20,11,58,33,15,76,32,53,236,12,58,2,21,1,21,26,78,22,49,3,10,46,32,33,44,6,47,18,0,16,86,0,4,1,0,8,0,0,2,2,16,5,0,16,8,2,5,1,28,0,15,1,8,50,36,6,27,7,2,0,8,10,6,6,2,0,8,4,30,8,7,0,29,4,9,5,4,5,11,2,5,10,2,0,1,0,0,5,3,10,2,2,0,0,0,1,0,3,0,1,3,1,0,1,3,0,1,1,0,1,0,0,1,0,0,2,3,0,0,11,3,4,1,0,6,0,0,0,0,0,5,3,1,1,3,2,4,1,0,0,0,0,0,0,0,1,0,1,0,0,3,0,1,0,1,0,0,1,0,0,1,3,0,0,0,15,0,1,0,4,1,0,0,0,0,1,2,0,2,1,0,1,1,0,0,0,0,1,0,0,1,2,1,8,0,1,1,0,1,2,3,0,1,1,0,1,0,0,0,3,1,0,0,0,0,1,0,0,1,0,1,3,0,0,0,0,0,0,3,0,0,0,1,1,0,1,1,4,0,0,3,0,2,0,0,0,0,0,1,1,0,0,0,4,0,0,0,0,0,2,0,0,0,1,0,0,0,0,3,7,0,2,0,0,0,0,0,2,0,2,3,0,0,3,0,1,1,0,0,0,0,0,0,6,0,1,0,0,1,1,0,0,1,0,0,1,0,0,1,0,0,1,3,1,1,1,2,0,0,0,0,0,0,0,0,0,1,1,0,1,0,0,0,0,0,0,3,1,0,0,0,0,0,0,6,0,3,0,0,0,0,0,0,0,0,0,1,0,0,0,0,0,0,2,0,0,0,0,0,0,0,2,0,0,0,0,0,7,2,1,0,0,0,0,0,0,0,0,1,0,0,0,0,0,0,0,0,0,0,0,0,0,2,0,0,0,3,0,0,0,0,0,0,0,0,0,0,0,0,0,0,0,0,0,0,1,0,0,0,1,0,0,0,0,0,0,1,0,0,1,0,0,0,0,0,0,2,0,0,0,2,0,0,0,0,0,0,0,1,0,0,2,0,0,0,0,0,0,1,0,0,0,0,0,1,0,1,0,1,0,0,0,0,0,0,0,0,0,2,1,2,0,0,0,0,0,0,0,0,0,0,0,0,0,0,0,0,0,1,0,0,0,0,0
"E6aJ16_A",67,52,3,5,2,6,0,2,0,1,0,0,0,0,0,0,0,0,3372,307,461,581,188,1706,553,422,141,370,126,57,98,41,196,179,30,34,98,41,12,62,126,48,11,24,38,34,0,3,79,15,8,94,3,9,8,64,52,11,27,24,58,121,16,38,3,34,2,24,44,25,12,46,13,9,19,19,31,33,4,54,5,0,24,71,1,14,3,0,6,1,0,3,7,12,11,0,7,4,7,9,0,2,0,15,5,10,27,42,10,8,16,3,0,8,5,15,17,0,0,5,10,5,8,9,0,15,3,8,6,5,0,8,6,7,9,7,0,1,0,0,5,0,4,1,0,0,0,0,3,0,2,1,1,0,2,0,0,4,1,7,0,0,2,4,0,1,1,1,8,0,0,2,14,1,0,2,0,0,1,1,0,0,0,0,2,4,0,1,5,8,1,2,1,0,0,1,0,0,0,0,0,0,1,2,2,0,0,1,0,0,1,1,0,0,2,0,2,0,2,1,0,0,3,1,0,3,0,0,1,2,0,3,1,0,0,0,0,0,1,0,0,0,1,1,0,0,5,2,0,3,1,1,1,0,0,0,0,1,1,1,0,1,2,0,0,0,0,2,0,0,0,3,1,1,1,1,0,1,0,0,0,1,0,1,0,0,0,1,0,0,24,0,1,2,0,1,0,0,5,1,6,1,0,0,2,0,13,0,0,0,1,0,0,0,1,0,0,0,1,2,0,1,3,0,0,0,0,0,0,0,0,0,0,0,0,1,1,0,2,1,0,0,2,0,0,0,5,1,0,1,1,0,0,0,0,0,0,1,0,0,0,0,1,0,0,2,0,1,1,0,1,0,0,0,0,0,0,0,0,0,1,0,2,0,0,0,0,0,2,2,4,0,0,0,0,0,3,4,1,2,0,0,0,0,0,0,0,0,0,0,1,1,0,0,0,0,1,0,0,0,0,0,0,0,0,1,1,0,0,0,0,0,1,0,0,0,1,0,1,2,0,0,1,0,0,0,0,0,0,0,1,0,0,0,0,0,0,0,0,0,0,0,0,0,0,0,0,0,0,0,0,0,0,0,0,0,0,0,0,0,0,0,0,0,0,0,0,0,0,0,0,0,0,1,0,0,2,0,0,3,0,1,0,1,0,0,1,1,0,1,0,0,0,1,0,0,0,0,1,0,0,0,0,0,1,0,1,0,0,0,0,0,0,0,0,0,0,1,0,0,1,1,1,0,0,0,3,0,0,0,0,0,0,0,0,0,0,1,0,2,2,0,0,0,0,0,0
"E6aJ48_A",56,38,5,5,3,10,0,0,1,0,1,0,0,0,0,0,0,0,2140,286,360,276,231,82,435,132,94,319,75,86,65,226,99,4,27,28,19,68,0,112,21,18,16,18,16,13,0,18,73,15,16,42,1,5,29,44,121,12,113,26,24,40,0,3,27,38,0,16,14,6,4,10,10,3,10,24,5,1,10,3,16,3,6,83,8,8,4,0,2,1,0,5,15,2,10,0,28,4,0,3,1,11,115,3,4,4,1,2,2,6,2,4,0,2,22,6,16,0,6,2,6,1,4,0,1,0,3,4,1,1,2,5,4,1,6,5,0,3,11,0,2,1,1,1,2,3,0,0,1,8,1,4,0,2,1,0,1,2,0,1,0,3,1,0,0,1,2,0,0,2,0,1,0,0,1,1,0,1,4,0,1,0,0,0,0,1,3,1,1,1,1,1,0,1,0,0,2,0,0,0,0,2,0,1,0,2,0,3,0,0,1,1,0,0,1,0,2,0,31,0,0,0,3,2,0,0,1,0,1,2,0,1,3,0,0,1,0,0,0,1,0,0,0,0,0,0,8,0,0,5,0,0,2,0,1,1,0,4,1,0,0,0,4,0,0,0,0,0,0,0,1,2,0,0,2,1,1,2,1,2,0,1,0,1,0,0,0,0,1,0,0,0,0,3,0,0,0,0,1,0,0,0,0,0,0,0,0,0,1,0,0,2,0,0,0,0,0,0,0,0,0,0,0,0,2,0,0,0,0,0,0,0,0,0,0,3,0,0,0,0,0,0,1,0,0,0,2,1,1,1,1,0,0,0,0,0,0,2,0,0,0,0,0,0,0,1,0,0,0,0,0,0,0,0,0,1,0,0,0,0,1,0,0,0,0,0,0,0,0,1,2,0,0,0,0,0,1,0,0,0,0,0,0,0,0,0,0,2,0,0,0,1,3,0,0,0,0,0,0,1,0,0,1,0,0,0,0,1,0,0,0,0,0,0,0,0,0,1,0,1,0,0,0,0,0,0,0,0,0,0,0,0,0,0,0,0,0,0,0,1,0,0,0,0,0,0,0,0,0,0,0,0,0,0,0,0,0,0,0,0,0,0,1,0,1,0,0,0,0,1,0,0,0,1,0,0,2,0,0,0,0,0,0,1,0,0,0,0,0,3,0,0,0,0,0,0,0,0,0,0,0,0,0,0,0,0,0,0,0,0,0,1,0,0,0,0,0,0,0,0,1,0,0,0,0,0,1,0,0,0,0,0,0,2,0,0,0,0,0,0,0,0,0,0,0,0,0
"E7aJ16_A",34,10,3,2,0,5,2,0,0,0,0,0,0,0,0,0,0,0,2142,216,393,502,1203,771,154,472,128,366,124,101,61,22,158,20,17,44,54,23,92,4,41,391,1,19,20,23,0,0,10,16,7,28,3,13,2,42,36,11,6,9,28,35,10,16,29,23,1,7,28,27,16,15,20,6,5,24,12,1,5,25,4,0,19,13,0,13,1,0,10,1,0,2,4,8,1,0,10,1,10,5,1,2,0,13,5,6,11,1,5,8,13,3,0,9,3,12,2,3,0,7,5,0,5,4,0,1,1,2,5,2,0,7,8,5,7,4,0,2,0,1,1,0,3,1,1,1,0,1,0,1,1,3,1,0,3,0,0,3,4,2,0,0,1,0,0,0,3,3,4,0,0,1,42,1,1,2,1,0,1,0,0,0,0,0,0,2,0,2,7,6,2,1,1,0,2,7,0,0,0,1,0,0,0,2,1,3,0,1,0,0,3,1,0,2,0,0,3,0,1,0,0,0,0,0,0,1,0,0,1,2,1,0,2,3,0,0,2,0,0,0,0,0,1,3,1,1,1,1,0,2,0,0,0,1,0,0,1,1,1,0,0,2,0,1,0,0,0,0,1,0,0,1,0,0,0,0,0,0,0,0,0,0,1,1,0,1,0,1,0,0,8,0,0,0,0,1,1,0,2,0,0,1,0,1,1,0,0,0,0,0,0,0,0,0,0,0,0,0,0,0,0,0,0,0,2,0,0,0,0,0,2,0,0,1,0,1,1,1,0,1,0,0,0,0,0,0,1,0,2,1,1,0,0,0,0,0,0,1,0,0,1,0,0,0,0,1,0,0,2,0,0,1,0,0,0,0,1,0,0,0,0,0,1,0,0,0,1,0,1,0,0,0,0,0,0,0,1,2,1,1,1,0,0,0,1,0,0,0,0,1,0,0,0,0,0,0,1,0,0,0,0,0,0,1,1,0,0,0,0,0,0,1,0,0,0,0,0,0,0,2,0,0,0,0,0,0,0,1,0,0,0,0,1,0,0,0,0,0,0,0,0,0,1,0,0,0,0,0,1,0,0,0,0,0,0,0,0,0,0,0,0,0,2,0,0,0,0,0,0,0,2,0,0,0,0,0,1,0,1,1,1,0,0,0,0,0,0,0,1,0,0,0,0,0,0,0,0,0,0,0,0,0,0,0,0,0,0,0,0,1,0,0,0,0,0,0,0,0,0,0,0,0,0,2,0,0,0,0,0,0,0,0,0,0,0,0,1,0,0,1,1,0,0,0,0,0,0
"E7aJ26_A",78,7,2,2,1,11,1,1,1,0,2,0,0,1,0,0,0,0,2436,221,444,452,1229,679,152,288,120,490,149,126,48,38,158,11,24,53,41,31,47,8,23,219,10,24,12,20,0,0,21,21,15,29,3,11,7,42,80,9,8,16,30,17,20,11,54,12,1,15,12,8,10,12,20,8,6,24,10,0,6,8,2,0,18,10,0,7,0,0,7,4,0,1,2,9,5,0,6,4,9,7,11,3,0,9,8,6,12,0,4,3,9,4,0,6,9,6,2,1,0,1,5,0,2,3,0,0,1,3,0,0,0,6,5,4,7,1,1,1,0,0,3,1,2,2,5,1,0,0,7,1,5,2,1,0,3,1,0,1,2,0,1,0,3,1,0,1,1,0,3,0,0,0,9,0,2,1,0,0,4,1,0,0,2,0,0,3,0,2,4,2,0,0,2,1,1,10,0,0,0,1,0,0,0,0,0,3,0,0,0,0,1,1,0,0,0,0,0,0,0,1,0,0,0,0,0,0,1,0,1,1,0,1,1,1,2,0,0,0,1,0,2,0,0,1,0,0,8,0,0,0,1,0,0,0,0,0,2,1,0,1,0,0,0,0,0,0,1,0,0,0,0,0,0,0,0,0,0,0,0,0,1,0,3,0,0,0,0,0,1,1,0,0,1,0,0,0,0,0,2,0,0,0,0,0,1,0,0,0,0,1,0,0,1,0,2,0,0,0,0,0,0,0,2,0,0,0,0,0,0,0,0,0,0,0,2,1,0,0,0,0,0,0,1,0,0,0,0,1,0,0,0,0,0,0,0,0,0,0,1,0,0,0,0,1,0,3,0,2,0,0,0,0,0,1,0,0,0,0,1,0,0,0,0,0,0,0,0,0,1,4,1,0,0,0,0,0,1,0,0,0,0,2,0,0,1,0,0,1,0,1,0,0,0,0,0,0,0,0,0,2,0,0,0,0,0,0,0,0,0,0,0,0,0,0,0,0,0,0,1,0,0,0,0,1,0,0,0,0,0,0,0,2,0,0,0,0,0,0,0,1,0,0,0,0,0,0,0,0,0,0,0,1,0,0,1,0,0,0,0,0,0,0,3,0,0,0,0,0,0,0,0,0,0,0,0,0,0,0,1,4,0,0,0,1,0,0,0,0,0,3,0,0,0,0,0,0,0,1,0,0,0,0,0,0,0,0,0,0,0,0,0,0,0,0,0,0,0,0,0,0,1,0,0,1,0,0,0,0,0,0,1,0,0,0,0,0,0,1,0,0,3,0,0,0,1,1,0
"E7aJ61_A",63,23,1,8,3,10,3,1,3,0,0,0,0,0,0,0,1,0,2585,404,518,380,592,35,296,127,108,453,91,410,100,84,160,10,19,62,41,101,0,87,13,18,25,39,8,11,0,49,44,43,47,38,7,22,33,67,105,54,22,15,40,7,42,4,11,43,6,15,31,0,15,14,12,19,4,15,1,8,12,3,2,6,9,8,85,21,15,0,15,11,1,1,27,4,9,0,26,12,3,10,12,8,0,5,7,8,6,1,6,4,6,3,0,9,11,10,4,48,10,3,3,0,3,8,22,0,4,1,0,4,1,4,10,1,9,3,0,0,0,0,5,0,0,9,6,2,0,0,0,0,19,3,2,0,0,0,1,1,0,3,0,8,4,0,0,3,4,1,1,1,0,2,0,0,3,1,1,3,1,1,0,0,0,3,1,0,0,1,8,3,1,3,1,4,2,0,2,0,1,0,9,0,0,1,0,1,0,1,16,0,5,1,0,1,0,0,2,2,1,2,0,0,0,3,0,0,1,0,0,2,0,0,0,3,0,1,0,1,0,2,0,0,0,0,2,0,8,1,0,1,2,0,0,0,0,0,0,1,0,0,0,2,1,0,0,0,1,0,0,0,1,1,2,0,37,0,1,1,1,1,0,0,0,1,0,0,0,0,0,1,0,0,1,3,2,1,1,0,2,0,1,0,0,0,0,3,0,0,0,0,0,0,1,0,0,0,1,0,0,0,0,0,2,0,0,0,0,0,0,0,0,0,0,1,0,1,0,0,1,0,0,0,0,0,0,0,1,0,1,1,0,0,0,0,0,0,0,0,0,0,0,0,3,0,0,2,0,1,2,1,0,0,0,0,1,1,0,0,0,1,0,0,0,0,0,0,0,0,0,3,1,0,0,0,0,0,1,0,0,2,0,0,0,0,0,0,0,0,1,0,0,0,1,0,0,0,0,0,0,2,1,0,3,0,0,0,0,12,0,0,0,0,0,0,0,0,0,0,1,1,0,1,1,0,0,0,0,0,0,0,0,1,0,0,0,0,0,0,0,0,0,0,0,1,0,0,0,0,0,0,0,0,0,0,0,0,0,0,0,0,0,0,0,0,1,0,1,0,0,2,0,0,0,0,0,0,1,0,0,3,0,0,0,0,0,0,0,0,0,1,0,1,0,0,0,0,0,0,1,0,1,0,0,0,0,0,1,0,0,0,0,0,0,0,0,0,0,0,0,0,0,0,2,0,0,0,0,0,0,0,2,0,0,0,0,0,0,0,0,0,0,0,0,0,0,0,0
"E8aJ16_A",97,21,5,4,1,11,0,0,0,0,0,1,1,0,0,0,0,0,11421,838,2099,2980,4527,95,286,2230,602,64,482,121,221,41,498,31,34,182,139,90,597,1,88,1200,3,74,32,145,0,0,32,64,21,82,35,32,4,116,155,33,25,21,124,39,17,21,10,39,11,58,2,52,51,34,117,20,23,48,41,0,12,62,6,0,101,7,0,30,4,0,25,2,0,0,11,73,32,0,6,23,173,22,1,6,0,62,62,35,105,6,28,7,28,9,0,21,23,22,9,0,0,23,6,1,0,27,0,66,10,18,19,4,0,14,5,15,36,9,34,7,0,4,15,2,5,9,8,2,0,6,11,2,14,13,18,0,2,2,4,5,16,5,5,1,4,0,0,1,4,15,4,0,0,5,0,4,4,3,0,4,6,8,1,0,9,0,1,17,0,6,9,11,5,2,1,2,4,15,0,0,5,8,0,2,4,3,5,4,0,7,0,0,4,7,0,0,2,1,2,3,0,1,0,3,1,3,25,0,0,0,0,4,0,3,7,3,5,0,1,1,0,0,0,1,6,4,2,0,14,2,0,0,3,2,0,3,0,2,0,0,3,0,0,1,0,0,3,0,1,1,1,0,1,1,2,1,2,3,2,0,0,1,2,0,0,1,1,7,0,4,0,1,1,0,1,3,2,1,1,1,1,2,3,3,0,1,1,0,0,0,1,0,0,0,2,0,0,0,1,0,0,0,0,4,2,1,2,0,0,0,0,3,6,0,5,5,0,2,0,0,1,1,0,0,2,0,1,0,6,2,0,2,0,0,0,1,0,1,0,2,0,3,0,0,0,1,1,5,0,3,2,1,1,1,0,4,0,1,2,0,0,2,0,2,3,1,2,1,0,1,1,3,3,0,0,0,0,0,0,0,4,9,1,2,3,3,0,0,0,0,2,0,5,3,0,0,0,0,0,1,0,0,0,0,1,0,0,0,1,0,0,0,1,2,0,1,0,0,0,0,0,1,0,1,0,0,0,0,0,0,0,0,0,0,0,0,3,0,0,2,0,1,0,0,0,0,0,1,0,2,1,0,0,1,0,0,0,0,0,1,2,1,0,0,3,0,1,0,0,0,0,3,3,0,2,1,0,0,0,3,2,2,0,0,0,3,0,0,3,1,0,3,1,1,0,3,0,0,0,2,0,0,3,1,0,0,0,0,0,1,0,0,1,1,0,0,0,0,0,1,0,0,0,0,0,1,3,0,0,0,0,0,3,0,0,0,3,0,0,0,0,0,2,0,0,0,0,0,0
"E9aJ16_A",45,2,0,1,0,5,0,0,0,0,0,0,0,0,0,0,0,0,2223,215,852,765,140,10,15,434,198,9,69,34,65,5,66,8,4,17,45,12,0,0,26,408,0,20,6,36,0,4,21,22,3,17,13,6,1,33,55,9,4,6,44,15,0,1,0,7,3,18,20,3,13,8,13,4,1,4,6,0,2,21,2,0,9,2,0,10,1,0,7,0,1,1,5,12,6,134,2,3,17,16,0,1,0,15,2,7,26,0,7,1,7,1,0,10,16,4,2,0,0,3,3,1,8,10,0,14,0,4,5,1,0,0,0,4,10,2,51,0,0,10,6,1,3,2,1,1,0,0,2,0,1,1,2,0,2,0,0,4,0,0,4,1,1,0,0,3,0,0,4,1,1,0,0,0,3,0,0,1,1,1,0,0,0,0,0,7,0,3,7,0,0,0,1,1,2,5,0,0,1,0,0,0,0,0,3,0,0,0,0,0,2,1,0,0,0,4,0,0,1,4,0,0,1,1,3,0,0,0,0,1,0,2,2,0,2,0,2,0,0,0,0,0,2,1,0,0,20,0,0,1,1,0,0,0,0,1,0,0,0,0,8,0,0,0,0,45,0,1,1,0,0,0,1,0,0,0,0,0,0,0,0,0,1,1,2,0,0,0,0,0,0,1,0,0,1,1,0,0,0,0,0,0,1,0,3,0,0,0,1,1,0,0,1,0,0,0,0,0,1,0,0,0,3,0,0,0,0,0,0,0,0,0,0,1,0,0,0,0,0,1,0,0,0,0,0,0,2,0,0,0,0,0,0,1,0,0,0,1,2,0,1,0,0,0,0,11,1,0,0,0,0,0,0,3,0,0,0,2,0,1,0,0,1,0,0,0,0,0,2,7,5,0,0,0,0,0,10,0,0,0,0,0,0,0,0,0,0,0,0,0,0,0,0,0,0,0,0,0,0,0,0,0,0,0,0,0,0,0,0,0,0,0,2,0,0,0,1,1,0,0,0,0,0,0,0,0,0,0,0,0,1,0,1,0,0,0,0,4,0,0,0,0,0,0,0,0,0,0,0,1,0,0,0,0,1,0,0,0,0,0,0,0,0,0,1,0,0,0,1,2,0,0,0,0,1,0,0,1,0,7,0,0,0,2,0,0,0,0,0,5,0,1,0,0,0,0,0,0,0,0,0,0,0,1,0,0,1,0,0,0,0,0,0,0,0,0,0,0,0,0,0,0,0,0,1,0,0,0,0,0,1,0,0,0,0,0,0,0,0,0,1,0,0,0,0,0,0
"E1aJ5_B",9,17,0,0,1,0,0,0,0,0,0,0,0,0,0,0,0,0,2803,118,1,93,9,15,3,80,35,14,32,0,16,0,6,25,22,3,41,1,0,2,78,25,0,20,3,3,0,7,0,5,0,9,0,0,1,14,0,3,7,14,0,31,8,11,2,13,0,20,0,57,0,10,9,4,4,2,18,10,0,4,2,0,0,0,0,0,0,0,0,0,0,0,1,7,2,0,0,2,1,0,0,4,0,4,0,0,1,25,4,0,0,2,0,0,0,1,1,0,0,1,0,0,0,7,0,2,2,1,2,0,4,0,0,0,2,0,0,10,0,0,2,0,13,0,0,1,0,0,1,0,0,0,0,0,2,1,0,2,0,7,0,0,1,0,0,0,1,0,0,2,0,0,0,0,0,0,0,0,0,2,0,0,0,2,0,0,0,0,0,0,0,0,0,0,0,1,0,0,0,0,0,0,2,0,0,0,0,0,0,0,0,1,0,0,0,0,0,0,0,0,0,0,0,0,0,0,0,0,0,0,0,0,0,0,0,0,1,0,0,0,0,0,0,0,1,0,0,2,1,0,0,0,0,0,0,0,0,0,0,0,0,0,0,4,0,0,0,0,0,0,0,0,0,1,0,0,0,0,0,0,1,0,0,0,0,1,0,2,1,0,0,0,0,0,0,0,0,0,0,1,0,0,0,0,0,0,0,0,0,0,0,0,1,0,0,0,0,0,0,0,0,1,0,1,0,0,0,0,0,0,3,0,3,0,0,0,0,0,0,0,1,0,0,0,0,6,0,0,0,0,0,0,0,0,0,0,0,2,1,0,0,0,0,0,0,0,0,0,0,0,0,0,0,0,0,0,0,0,0,0,0,0,0,0,0,0,0,0,0,0,0,0,0,0,1,0,0,0,0,0,0,0,0,1,0,0,0,0,0,0,0,0,0,0,0,0,1,0,0,0,0,0,0,0,0,0,0,0,0,0,0,0,0,0,0,0,0,0,0,0,0,0,1,0,0,0,0,0,0,0,0,0,0,0,0,0,0,0,0,0,0,0,0,0,0,0,0,0,0,0,0,0,0,1,0,0,0,0,0,0,0,0,0,0,0,0,0,0,0,0,0,0,0,0,0,0,0,0,0,0,1,0,0,0,1,0,0,0,0,0,1,0,0,0,0,0,0,0,0,0,0,0,0,0,0,0,0,1,0,0,0,0,0,0,0,0,0,0,0,0,0,0,0,0,0,0,1,0,0,0,0,0,0,0,0,1,0,0,0,0,0,0,0,0,1,1,0
"E1aJ40_B",4,2,0,0,0,0,0,0,0,0,0,0,0,0,0,0,0,0,645,204,1,43,17,1,4,18,13,7,5,0,4,10,2,0,40,3,3,0,0,29,15,2,0,25,1,4,0,7,0,1,3,3,0,2,2,7,0,1,1,12,1,12,1,1,15,2,0,6,0,2,0,2,5,2,2,0,0,5,3,1,1,4,0,0,0,1,0,0,0,0,0,0,1,1,1,0,0,1,0,0,0,9,0,3,0,0,0,0,0,0,0,4,0,0,0,0,3,0,0,0,0,0,0,0,0,0,3,0,0,1,10,2,1,0,1,0,0,2,1,0,0,0,0,0,0,1,0,0,0,0,0,2,0,0,0,0,0,0,0,0,0,0,0,0,6,0,0,1,0,0,0,0,0,0,0,0,0,0,0,0,0,0,0,0,1,0,0,0,0,0,0,0,0,0,0,0,0,0,0,0,1,0,1,0,0,0,0,0,0,0,0,0,0,0,1,0,1,0,0,0,3,0,0,0,0,0,0,0,0,0,0,0,0,0,0,0,0,0,0,0,0,0,0,0,0,0,0,1,1,0,0,0,0,0,0,0,0,0,0,0,0,0,0,0,0,0,0,0,0,0,0,0,0,0,0,0,0,0,0,0,1,0,0,0,0,0,0,0,0,1,0,0,0,0,0,0,0,0,0,0,0,0,0,0,0,0,0,0,0,0,0,0,1,1,0,0,1,0,0,0,2,0,0,0,0,3,0,0,0,0,0,0,0,0,0,0,0,0,0,0,0,0,0,0,0,0,0,0,0,0,0,0,0,0,0,0,0,1,0,0,0,0,0,0,0,0,0,0,0,0,0,0,1,0,0,0,0,0,0,0,0,0,0,0,0,0,0,0,0,0,0,0,0,0,0,0,0,0,0,0,0,0,0,0,0,0,0,0,0,0,0,0,0,0,0,0,0,0,0,0,0,0,0,0,0,0,0,0,0,0,0,0,0,0,0,0,0,0,0,0,0,0,0,0,0,0,0,0,0,0,0,0,0,0,0,0,0,0,0,0,0,0,0,0,0,0,0,0,0,0,0,0,0,1,0,0,0,0,0,0,0,0,0,0,0,0,0,0,0,0,0,0,0,0,0,0,0,0,0,0,0,0,0,0,0,0,0,0,2,0,2,0,0,0,0,0,0,0,0,0,0,0,0,0,1,0,0,0,0,0,0,0,1,0,0,0,0,0,0,0,0,0,0,0,0,0,0,0,0,0,0,0,0,0,0,0,0,1,0,0,0,0,0,0,0,0,0
"E6aJ5_B",4,1,0,0,0,0,0,0,0,0,0,0,0,0,0,0,0,0,2401,68,0,57,25,22,3,62,35,20,10,1,10,1,5,9,14,4,30,0,0,4,35,32,0,6,0,3,0,1,0,0,2,7,0,0,0,17,0,1,0,12,0,14,2,3,2,4,0,14,0,36,0,5,3,1,0,0,9,8,0,3,1,0,0,0,0,0,1,0,0,0,0,0,0,18,4,0,0,2,1,0,0,1,0,5,0,0,0,1,2,0,1,1,0,0,0,0,2,0,0,0,0,0,0,3,0,1,0,1,0,1,12,0,0,0,0,0,0,4,0,0,0,0,5,0,0,0,0,0,0,0,0,0,0,0,0,0,0,0,0,1,0,1,0,0,0,0,1,1,0,4,0,0,0,0,1,0,0,0,0,2,0,0,3,1,0,0,0,0,0,0,0,0,0,0,0,1,0,0,0,0,0,0,0,0,1,0,0,0,0,0,0,0,0,0,0,0,2,0,0,0,1,0,0,0,0,0,0,0,0,0,1,0,0,0,0,0,0,0,0,0,0,0,1,3,0,0,0,2,1,0,0,0,0,0,0,0,0,0,0,0,0,0,0,1,0,0,0,0,0,0,0,0,0,0,0,0,0,0,0,0,0,0,0,0,0,0,0,3,0,2,0,0,0,0,0,1,0,0,0,5,0,0,0,0,0,0,0,0,0,0,1,0,0,1,0,0,0,0,0,0,0,0,0,0,0,0,0,0,0,0,2,0,2,1,0,0,0,0,0,0,0,0,0,0,0,2,0,0,0,0,0,2,0,0,0,1,0,0,0,0,0,0,0,0,0,0,0,0,0,0,0,0,0,0,0,0,1,0,0,0,0,0,0,0,0,0,0,0,0,0,0,0,0,0,0,0,0,0,1,0,0,0,0,0,0,0,0,0,0,0,0,0,0,0,0,0,0,0,1,0,0,0,0,1,1,0,0,0,0,0,0,0,0,0,0,0,0,0,0,0,0,1,0,0,0,0,0,0,0,0,0,0,0,0,0,0,0,0,0,1,1,0,0,0,0,0,0,0,0,0,0,0,0,0,0,0,0,0,0,0,0,0,0,0,0,0,0,0,0,0,0,0,0,0,0,0,0,0,0,0,0,0,0,0,0,0,0,0,0,0,0,0,0,0,0,0,0,0,0,0,0,0,1,0,0,0,0,0,1,1,0,0,1,0,0,0,0,0,0,0,0,0,0,1,0,2,1,0,0,0,0,0,0,0,0,0,0,0,0,0,0,0,1,0,0,0,0
"E6aJ40_B",5,3,1,0,1,0,0,0,0,0,0,0,0,0,0,0,0,0,1138,100,0,67,33,6,7,19,23,29,8,0,12,15,3,0,34,7,5,2,0,56,20,9,0,4,0,2,0,4,8,2,7,3,0,1,0,15,0,1,6,20,1,9,2,1,6,3,0,10,0,5,1,4,5,6,1,1,3,0,1,0,0,8,0,0,0,1,0,0,0,0,0,1,4,3,2,0,1,2,0,2,0,0,1,1,0,0,0,0,0,0,1,1,0,0,0,0,5,0,1,0,0,0,0,0,0,0,3,0,1,2,19,1,0,1,0,1,0,6,0,0,2,0,1,0,0,0,0,0,0,0,0,1,0,0,0,0,0,2,0,0,1,2,1,1,0,0,0,3,0,0,0,1,0,1,1,0,0,0,0,1,0,0,0,0,0,0,0,0,0,0,0,0,1,0,0,0,0,0,0,0,0,0,0,0,0,0,0,0,0,0,0,0,0,0,0,0,0,0,0,0,3,0,0,0,0,0,0,0,1,0,0,0,0,0,0,0,0,0,0,0,0,0,0,0,0,0,0,0,1,0,0,0,0,0,0,0,0,0,0,0,0,0,0,0,0,0,0,0,0,0,1,1,0,0,0,0,0,0,0,0,1,0,0,0,0,0,0,1,1,0,0,0,0,0,0,0,0,0,0,1,0,0,0,0,0,0,0,0,0,0,0,0,0,2,0,0,0,0,0,0,2,0,0,0,0,2,0,0,0,0,1,0,0,0,0,0,0,0,1,0,0,0,0,0,0,0,0,0,0,0,0,0,0,0,0,0,0,0,0,0,0,0,0,0,0,0,0,0,0,0,0,0,1,0,1,0,0,0,0,0,0,0,0,0,0,0,0,1,0,0,0,0,0,0,0,0,0,0,0,0,0,0,0,0,0,0,0,0,0,0,1,0,1,0,0,0,1,1,0,0,0,0,0,0,1,0,0,0,0,1,0,0,0,0,1,0,0,0,0,0,0,0,0,0,0,0,0,0,0,0,0,0,0,0,0,0,0,0,0,0,0,0,0,0,0,0,0,0,0,0,0,0,0,0,0,0,0,0,0,0,0,0,0,0,0,0,0,0,0,0,0,0,0,0,0,0,0,0,0,0,0,0,0,0,0,0,0,0,1,0,0,0,0,0,0,0,0,0,0,0,0,0,0,0,0,0,0,0,0,0,1,0,0,0,0,0,0,0,0,0,0,0,0,0,0,0,0,0,0,0,0,0,0,0,0,0,0,1,0,0,0,0,0,0,0,0,0
"E7aJ5_B",9,4,0,0,1,0,0,0,0,0,0,0,0,0,0,0,0,0,1588,81,1,68,174,11,0,60,40,20,19,3,18,1,6,7,16,4,27,0,0,3,29,61,0,3,1,2,0,1,0,1,3,9,0,1,0,19,0,0,2,15,0,18,0,5,0,3,0,7,1,29,0,5,8,2,0,2,13,7,1,4,0,0,0,0,0,2,0,0,0,0,0,0,1,12,1,0,0,0,1,0,0,0,0,3,0,1,0,2,4,0,2,0,0,0,0,1,1,0,0,3,0,0,1,1,0,2,0,0,2,0,9,0,0,1,0,0,0,2,0,0,1,0,2,0,0,0,0,0,0,0,0,0,0,0,1,0,0,0,0,2,0,0,1,0,0,0,0,9,0,1,0,0,1,0,0,1,0,1,2,2,0,0,2,0,2,0,0,1,0,1,0,0,0,0,0,0,0,0,0,4,0,0,1,0,0,0,0,0,0,0,0,0,0,0,0,0,0,1,0,0,3,0,0,0,0,1,0,0,0,0,1,0,0,0,0,0,0,0,0,0,0,0,9,2,0,0,0,2,0,0,0,0,0,0,0,0,0,0,0,0,0,0,0,1,0,0,0,0,0,0,0,0,0,0,0,0,0,0,0,0,1,0,0,0,0,0,0,1,0,0,0,0,0,0,0,0,0,0,1,2,0,0,0,0,0,0,0,0,0,0,1,0,0,0,0,0,0,0,0,0,0,0,0,0,0,1,0,0,0,0,3,0,0,2,0,0,0,0,0,0,0,0,0,0,0,1,0,0,0,0,0,1,0,0,0,0,0,0,0,0,0,0,0,0,0,0,0,0,0,0,0,0,0,0,0,0,0,1,0,0,1,0,0,0,0,0,0,0,0,0,0,0,0,0,0,0,0,0,0,0,0,0,0,0,1,0,0,0,0,0,1,0,0,0,0,0,0,0,0,0,0,0,0,0,0,0,0,0,0,0,0,0,0,0,0,0,0,0,0,0,0,0,0,0,0,1,0,0,0,0,0,0,0,0,1,0,0,0,0,0,0,0,0,0,0,0,0,0,0,0,0,0,0,1,0,0,0,0,0,0,0,0,0,0,0,0,0,0,0,0,0,0,0,0,0,0,0,0,0,0,0,0,0,0,0,0,0,1,1,0,0,0,0,0,0,0,0,0,0,0,0,0,0,0,1,0,0,0,0,0,0,0,1,0,0,0,0,0,0,0,0,0,0,0,0,0,1,0,1,0,0,0,0,2,1,0,0,1,0,0,0,0,0,0,2,0,0
"E7aJ40_B",4,8,0,0,2,0,0,0,0,0,0,0,0,0,0,0,0,0,1118,86,0,80,58,2,0,40,32,34,15,2,11,5,6,3,17,5,17,2,0,14,10,7,0,7,0,2,0,0,5,4,17,2,0,1,0,16,0,5,1,15,0,4,6,0,25,7,0,16,0,1,0,7,6,3,2,2,0,1,0,0,0,0,0,0,0,0,0,0,0,0,0,0,5,3,2,0,0,2,1,0,0,1,0,4,0,0,0,0,0,0,0,1,0,0,0,0,0,0,0,1,0,0,0,0,0,0,2,1,0,1,7,2,1,1,0,0,0,5,0,0,0,1,1,0,0,0,0,0,0,0,0,0,0,0,1,0,0,0,0,4,0,2,0,0,0,1,0,7,0,0,0,0,5,0,0,0,0,0,0,0,0,0,0,1,0,0,0,0,0,0,0,0,0,0,0,0,0,0,0,0,0,0,1,0,0,0,0,0,0,0,0,0,0,0,0,0,0,0,0,0,1,0,0,0,0,0,0,0,0,0,0,0,0,0,1,0,0,0,0,0,1,0,0,0,0,0,0,0,2,0,1,0,0,0,0,0,0,0,0,0,0,0,0,1,0,0,0,0,0,0,0,0,0,1,0,0,0,0,0,0,2,0,0,1,0,0,0,1,0,0,0,0,0,0,0,0,0,0,0,0,0,0,0,0,0,0,0,0,0,0,0,0,0,0,0,0,0,0,0,0,0,0,0,0,0,0,0,0,0,0,0,0,0,0,0,0,0,0,0,0,0,0,0,0,0,0,0,0,0,0,0,0,0,0,0,0,0,0,0,0,0,0,0,0,0,0,0,0,0,0,0,0,0,0,0,0,0,0,0,0,0,0,0,0,0,0,0,0,0,0,0,0,0,0,0,0,0,0,0,0,0,0,0,0,0,0,0,0,0,0,1,0,0,0,0,0,0,0,0,0,0,0,0,0,0,0,0,0,0,0,0,0,0,0,0,0,0,0,0,0,0,0,0,0,0,0,0,0,0,0,0,0,0,0,0,0,0,0,0,0,0,0,0,0,0,0,0,0,0,0,0,0,0,1,0,0,0,0,0,0,0,0,0,0,0,0,0,0,0,0,0,0,0,0,0,0,0,0,0,0,0,0,0,0,0,0,0,0,1,0,0,0,0,0,0,0,0,0,0,1,0,0,0,0,0,0,0,0,0,0,0,0,0,0,0,0,0,0,0,0,0,0,0,0,0,0,0,0,1,0,0,0,0,2,0,0,0,0,0,0,0,0,0,0,0,0,0
"E7aJ48_B",2,1,0,1,0,0,0,0,0,0,0,0,0,0,0,0,0,0,1120,77,0,63,54,1,3,20,31,29,8,0,13,4,6,0,19,8,6,3,0,25,5,3,0,3,0,3,0,0,1,6,8,2,0,2,0,15,0,4,2,19,0,2,5,0,9,7,0,6,0,0,0,1,2,6,0,0,0,4,4,0,0,1,0,0,0,1,1,0,0,0,0,1,5,2,0,0,0,3,0,0,0,1,0,5,0,1,0,0,0,0,0,0,0,0,0,0,0,0,1,1,0,0,0,2,0,0,1,0,0,0,5,0,0,0,0,0,0,3,0,0,0,0,0,0,0,0,0,0,0,0,0,0,0,0,1,0,0,1,0,4,0,0,0,0,0,0,1,1,0,0,0,0,0,0,1,0,0,0,1,0,0,0,6,3,0,0,0,0,0,0,0,0,0,0,1,0,0,0,0,0,0,0,0,0,0,0,0,0,0,0,0,0,0,0,0,0,0,0,0,0,1,0,1,0,0,0,0,0,0,0,0,0,0,0,1,0,0,0,0,0,0,0,2,0,0,0,0,0,0,0,0,0,1,0,0,0,0,0,0,0,0,0,0,0,0,0,1,0,0,0,0,0,0,0,0,0,1,0,0,0,0,0,0,0,0,0,0,0,0,0,0,0,0,0,0,0,0,0,0,0,0,0,0,1,0,0,0,0,1,0,1,0,0,0,1,1,0,0,0,0,0,1,0,0,0,0,0,0,0,0,0,0,0,0,0,0,0,0,1,0,0,0,0,0,0,0,0,0,0,0,0,0,0,0,0,0,0,0,0,0,0,0,0,0,0,0,0,0,0,0,0,0,0,0,0,0,0,0,0,0,0,0,0,0,0,0,0,1,0,0,0,0,0,0,0,0,0,0,0,0,0,0,0,0,0,0,0,1,0,0,0,0,0,0,0,0,0,0,0,0,1,0,1,0,0,0,0,0,0,0,0,0,0,0,0,0,0,0,0,0,0,0,0,0,0,0,0,0,1,0,0,0,0,0,0,1,0,0,0,0,0,0,0,0,0,0,0,0,0,0,0,0,0,1,0,0,0,0,0,0,0,0,0,0,0,0,0,0,0,0,0,0,0,0,0,0,0,0,0,0,0,0,0,0,0,0,0,0,0,0,0,0,0,0,0,0,0,0,0,0,0,0,0,0,0,0,0,1,0,0,0,0,0,0,0,0,0,0,2,0,0,0,0,1,0,0,0,0,0,0,0,0,0,0,1,0,0,0,0,0,0,0,0,0,0,1,0
"E7aJ69_B",6,7,0,0,0,0,0,0,0,0,0,0,0,0,0,0,0,0,1124,79,0,63,17,0,2,4,18,17,4,1,5,5,4,0,7,2,8,1,0,22,4,0,0,7,0,0,0,16,2,7,13,2,0,2,0,21,0,2,0,10,1,1,11,0,2,2,0,10,0,0,0,3,1,2,0,0,0,2,2,0,0,6,1,0,3,0,0,0,0,1,1,0,5,1,2,0,0,3,0,0,0,0,0,4,1,0,0,0,0,0,0,0,0,0,0,0,0,1,0,0,0,0,0,2,2,0,0,1,0,0,1,0,0,0,0,0,0,3,0,0,0,0,1,0,0,0,0,0,0,0,0,0,0,0,0,0,0,0,0,1,0,1,0,0,0,0,1,1,0,0,0,1,0,1,0,0,0,0,0,0,0,0,1,1,0,0,0,0,0,0,0,0,0,0,0,0,0,0,0,0,2,0,0,0,2,0,0,0,0,0,0,0,0,0,0,0,0,0,0,0,2,0,0,0,0,0,0,0,0,0,0,0,0,0,0,0,0,0,0,0,0,0,0,1,0,0,0,0,0,0,0,0,0,0,0,0,0,0,0,0,0,0,0,0,0,0,0,0,0,0,0,0,0,0,0,0,0,0,0,0,0,0,1,0,0,0,0,0,0,1,0,0,0,0,0,0,0,0,0,0,0,0,0,0,0,0,0,0,1,0,0,0,0,0,0,0,0,0,0,0,0,0,0,0,0,0,0,0,0,0,0,0,0,0,0,0,0,0,1,0,0,0,0,0,0,0,0,0,0,0,0,0,0,0,0,0,0,0,0,0,0,0,0,0,0,0,0,0,0,0,0,0,0,0,0,0,0,0,0,0,0,0,0,0,1,0,0,0,0,0,0,0,0,0,0,0,0,0,0,1,0,0,0,0,0,0,0,0,0,0,0,0,0,0,0,0,0,1,0,0,0,0,0,0,0,0,0,0,0,0,0,0,0,0,0,0,0,0,0,0,0,0,0,0,0,0,0,0,0,0,0,0,0,0,0,0,0,0,0,0,0,0,0,0,0,0,0,0,0,0,0,0,0,0,0,0,0,0,0,0,0,0,0,0,0,0,0,0,0,0,0,0,0,0,0,0,0,0,0,0,0,0,0,0,0,0,0,0,0,0,0,0,0,0,0,0,0,0,0,0,0,0,0,0,0,0,0,0,0,0,0,0,0,0,0,0,0,0,0,0,0,0,0,0,0,0,0,0,0,0,0,0,0,0,0,0,0,2,0,0,0,0,0,0,0,0,0
"E8aJ69_B",11,1,0,0,0,0,0,0,0,0,0,0,0,0,0,0,0,0,1510,161,0,42,97,0,1,38,54,3,7,1,17,4,12,0,17,24,7,3,0,0,1,2,0,8,1,0,11,0,2,3,17,2,0,4,0,23,0,3,1,2,1,0,2,0,7,12,5,18,0,1,1,4,8,1,0,0,1,0,3,0,0,0,0,0,0,1,0,0,0,4,8,0,3,2,4,0,0,0,3,0,0,0,0,2,0,0,0,0,1,0,0,2,0,0,0,2,0,0,0,1,0,0,0,2,0,0,0,0,0,2,1,0,0,0,0,0,0,2,0,0,0,1,0,0,0,0,0,1,0,0,0,1,0,0,0,0,0,3,0,1,1,0,2,0,0,0,0,6,0,0,0,0,0,1,1,1,0,0,2,0,1,0,3,0,0,0,0,0,0,0,0,0,0,0,0,1,0,0,0,0,0,0,0,0,0,1,0,0,0,0,0,0,0,0,0,0,1,0,0,0,0,0,1,0,0,0,0,0,0,0,0,0,0,0,0,0,0,0,0,0,0,0,2,1,0,0,0,0,0,0,0,0,0,0,0,0,0,0,0,0,0,0,0,1,0,0,0,0,0,0,0,0,0,0,0,0,0,0,0,0,4,0,0,0,0,0,0,0,0,0,0,0,0,1,0,0,0,0,0,0,0,0,0,0,1,0,0,0,0,0,1,0,1,0,0,0,0,0,0,0,0,1,0,0,0,0,0,0,0,0,0,0,0,0,0,0,0,0,0,0,0,0,0,0,0,0,0,0,0,0,0,0,0,0,0,0,0,0,0,0,0,0,0,0,0,0,0,0,0,0,0,0,0,0,0,0,0,2,0,0,0,0,0,0,0,0,0,0,0,0,0,0,0,0,0,0,0,0,1,0,0,0,0,0,0,0,0,0,0,0,0,0,0,0,0,0,0,0,0,0,0,0,0,0,0,0,0,0,0,0,0,0,0,0,0,0,0,0,0,0,0,0,0,0,0,0,0,0,0,0,0,0,0,0,1,0,0,0,0,0,0,0,0,0,0,0,0,0,0,0,0,0,0,0,0,0,0,0,0,0,0,1,0,0,0,0,0,0,0,0,0,0,0,0,0,0,0,1,0,0,0,0,0,0,0,0,0,0,0,0,0,0,0,0,0,0,0,0,0,0,0,0,0,0,0,0,0,0,0,0,0,0,0,0,0,0,0,0,0,0,0,0,0,0,2,0,0,0,1,0,0,0,0,0,2,0,0,1,0,0,0,0,0,0,0,0,1
"E8aJ96_B",31,5,0,0,1,0,0,0,0,0,0,0,0,0,0,0,0,0,1432,140,1,59,83,0,0,60,35,0,37,2,22,14,8,2,26,27,18,5,0,0,1,1,0,6,0,0,77,3,0,10,31,2,0,8,0,48,0,5,0,3,1,0,1,0,36,13,23,14,0,0,0,3,18,8,0,1,1,0,10,0,0,0,0,0,0,0,0,19,0,5,52,0,9,0,1,0,0,5,0,2,0,0,0,6,0,0,0,0,0,0,1,6,0,0,0,0,0,0,0,2,0,0,0,2,0,0,1,0,0,4,0,0,0,1,0,0,0,1,0,4,3,0,1,1,0,1,0,0,0,0,1,0,0,0,0,0,0,2,0,0,2,4,0,0,0,0,0,1,0,1,0,1,0,3,1,0,0,0,0,0,0,0,1,0,0,0,0,0,0,0,0,0,0,0,0,0,0,0,0,0,0,0,1,0,0,0,0,0,0,4,0,0,0,0,0,1,1,0,0,0,0,0,1,0,0,0,0,0,0,0,0,0,0,0,1,0,0,0,0,0,0,0,2,0,0,0,0,0,0,0,2,0,0,0,0,0,0,0,0,0,0,1,0,0,0,0,1,0,0,0,0,0,0,0,0,0,0,0,0,1,2,0,0,0,0,1,0,0,0,1,0,0,0,0,0,3,0,0,0,0,0,0,0,0,1,0,0,0,0,1,0,0,1,1,0,0,0,1,0,0,0,0,0,1,0,0,0,0,0,0,0,1,1,0,0,1,0,1,0,0,0,0,0,0,0,0,0,0,0,0,0,1,0,0,0,0,0,0,0,0,0,0,0,0,0,0,0,0,0,0,0,0,1,0,1,0,0,0,0,0,0,0,0,0,2,0,0,0,0,0,0,0,0,0,0,0,0,0,0,0,0,0,0,1,0,0,0,0,0,0,0,0,0,0,0,0,0,0,1,0,1,0,0,0,0,0,0,0,0,0,0,0,0,0,0,0,0,0,0,0,0,0,0,0,0,0,0,0,0,0,0,0,0,0,0,0,0,0,0,0,0,0,0,0,0,0,0,0,0,0,0,0,0,0,0,0,0,0,1,0,0,0,0,0,0,0,0,0,0,0,0,0,0,0,0,0,0,0,0,0,0,0,0,0,1,0,0,0,0,0,0,0,0,0,0,0,0,0,0,0,0,0,0,0,0,0,0,0,0,0,0,0,0,0,0,0,0,0,0,0,0,0,0,0,0,0,0,0,0,0,0,0,0,1,0,0,0,1,0,1,0,0,1,0,0,0,1
"E8bJ16_B",8,2,0,0,0,0,0,0,0,0,0,0,0,0,0,0,0,0,998,76,0,133,86,0,0,97,46,1,10,0,13,1,3,0,7,4,15,1,0,0,9,24,0,4,0,3,0,0,0,2,5,1,0,0,0,13,0,1,2,4,0,1,3,2,6,1,3,8,0,5,0,2,8,2,1,1,2,0,3,0,0,0,0,0,0,3,0,0,1,0,0,0,2,18,8,0,0,2,3,0,0,0,0,2,0,0,0,0,1,0,1,1,0,0,0,1,1,0,0,2,0,0,0,5,0,1,1,0,2,1,1,2,0,0,0,0,0,2,0,0,1,0,1,1,0,0,0,0,0,0,0,1,0,0,0,1,0,1,0,2,0,0,1,0,0,0,1,1,0,0,0,0,0,0,0,0,0,1,0,0,1,0,2,0,0,0,0,1,0,0,0,0,0,0,0,1,0,0,0,1,0,0,1,0,1,0,0,0,0,0,0,0,0,0,0,0,1,0,0,0,1,0,0,0,0,0,0,0,0,0,0,1,0,0,0,0,0,0,0,0,0,0,4,1,0,0,0,0,0,0,0,0,0,0,0,0,0,0,0,0,0,0,1,0,0,0,0,0,0,0,0,0,0,0,0,1,0,0,0,0,1,0,0,1,0,0,0,0,1,0,0,0,0,0,0,0,0,0,0,1,0,0,0,0,0,0,0,0,0,0,0,0,0,0,0,0,0,0,0,0,0,1,0,0,0,0,0,0,0,0,1,0,0,2,0,0,0,0,0,0,0,0,0,0,0,0,0,0,1,0,0,0,0,0,0,0,0,0,0,0,0,0,0,0,0,0,0,0,0,0,0,0,0,0,0,0,0,0,0,0,0,0,0,0,0,0,0,0,0,0,0,0,0,0,0,0,0,0,0,0,0,0,0,1,0,0,0,0,0,0,1,0,0,0,0,0,0,0,0,0,0,0,0,0,0,0,0,0,0,0,0,0,0,0,0,0,0,0,0,0,0,0,0,0,0,0,0,0,0,0,0,0,0,0,0,0,0,0,0,0,0,0,0,0,0,0,0,0,0,0,0,0,0,1,0,0,0,0,0,0,0,0,0,0,0,0,0,0,0,0,0,0,0,0,0,0,0,0,0,0,0,0,0,0,0,0,0,0,1,0,0,0,0,0,0,0,0,0,0,0,0,0,0,0,0,0,0,0,0,0,0,0,0,0,0,0,0,0,0,0,0,0,0,0,0,0,0,0,2,0,0,0,0,1,1,0,0,0,0,0,0,0,0,0,0,0,0
"E8bJ69_B",11,4,0,0,2,0,0,0,0,0,0,0,0,0,0,0,0,0,1238,140,1,72,66,0,0,45,39,5,9,1,26,6,7,2,29,13,9,2,0,0,0,3,1,8,0,3,42,0,2,2,16,5,0,3,0,19,0,0,0,4,2,0,0,1,17,7,7,14,0,0,0,2,3,5,1,1,1,0,2,0,0,0,0,0,0,1,1,0,0,1,2,0,10,0,4,0,0,2,2,0,0,0,0,5,0,0,0,0,0,0,0,1,0,0,0,1,0,0,1,2,0,0,0,3,0,0,2,0,0,2,0,0,0,1,0,0,0,3,0,2,1,0,0,1,0,0,0,3,0,0,0,0,0,0,0,0,0,0,0,2,1,0,0,0,0,1,3,5,0,0,0,0,0,1,0,0,0,1,0,0,0,0,1,0,0,0,0,1,0,0,0,0,0,0,1,0,0,0,1,1,0,0,3,0,0,2,0,0,0,0,0,0,0,0,0,1,1,0,0,0,0,0,0,0,0,0,0,0,0,0,0,0,0,0,1,0,0,0,0,0,0,0,1,0,0,0,0,1,0,0,0,0,0,0,0,0,0,0,0,0,0,0,0,1,0,0,0,0,0,0,0,0,0,1,0,0,0,0,0,0,5,0,0,1,0,0,0,0,0,0,0,0,0,0,0,0,0,0,0,0,0,0,0,0,0,0,0,0,1,0,0,0,0,0,0,0,0,0,0,1,2,1,0,0,0,0,0,0,0,0,1,1,0,0,0,0,0,0,0,0,2,0,0,0,0,0,0,0,0,0,0,1,0,0,0,0,0,0,0,0,0,0,0,0,0,0,0,0,0,0,0,0,1,0,0,0,0,0,0,0,0,0,0,0,0,0,0,0,1,0,0,0,0,1,0,0,0,0,0,0,0,0,0,0,0,1,0,0,0,0,0,0,0,0,0,0,0,0,0,0,0,0,0,1,0,0,0,0,0,0,0,0,0,0,0,0,0,0,0,0,0,0,0,0,0,0,0,0,0,0,0,0,0,0,0,0,0,0,0,0,0,0,0,0,0,0,0,0,0,0,0,0,0,0,0,0,0,0,0,0,0,0,0,0,0,0,0,0,0,0,0,0,0,1,0,0,0,0,0,0,0,0,1,0,0,0,0,1,0,0,0,0,0,0,0,0,0,0,0,0,0,0,0,0,0,0,0,0,0,0,0,0,0,0,0,0,0,0,0,1,0,0,0,0,0,0,0,0,2,0,0,0,0,0,1,0,0,0,0,0,0,0,0,0,0,0,0
"E8bJ96_B",33,1,0,0,0,0,0,0,0,0,0,0,0,0,0,0,0,0,2700,268,1,66,164,0,0,103,126,4,31,0,34,14,31,0,46,30,41,12,0,0,3,5,0,21,0,0,229,3,2,8,25,5,0,15,0,91,0,3,0,3,1,1,0,0,11,11,33,50,0,2,2,0,7,29,2,1,1,0,9,0,0,0,0,0,0,3,0,0,1,15,54,0,3,5,12,0,1,4,0,2,0,0,0,11,1,1,0,0,1,0,4,4,0,0,0,0,0,0,0,2,0,0,0,3,1,0,0,0,0,3,0,0,0,0,0,0,1,3,0,6,6,4,1,0,0,1,0,1,0,0,1,0,2,0,0,0,0,4,0,0,15,0,1,0,0,3,7,2,0,0,0,0,0,4,1,1,0,0,3,1,0,0,1,0,1,0,0,1,0,0,0,0,0,0,0,2,0,0,0,0,0,0,1,0,0,0,0,0,0,3,0,1,0,0,0,4,0,0,0,1,0,0,0,0,1,0,0,0,0,1,0,0,0,0,0,0,0,0,0,0,0,0,4,0,1,0,0,1,0,0,1,0,0,0,0,0,2,0,0,1,0,0,0,2,0,0,0,0,0,0,0,0,0,3,0,0,1,0,0,0,0,0,0,0,0,1,0,0,1,3,0,0,0,1,0,0,0,0,0,0,0,0,0,3,0,0,0,0,0,0,0,0,1,0,0,1,0,1,0,1,1,0,0,2,0,0,0,0,0,0,1,0,0,0,0,0,0,0,0,0,0,1,0,0,0,0,0,1,0,0,0,1,0,0,0,0,0,0,0,0,0,0,0,0,0,0,0,0,0,0,0,0,0,0,0,1,0,0,0,0,0,0,0,0,4,0,0,0,0,0,0,0,0,1,1,0,0,0,0,0,0,0,0,0,0,0,0,0,1,0,0,1,0,0,0,0,0,1,0,0,0,0,1,0,0,0,0,0,0,0,0,0,0,0,0,0,0,0,0,1,0,0,0,0,0,0,0,0,0,1,0,0,0,0,0,0,0,2,0,0,0,0,0,0,0,0,0,0,0,0,0,0,0,7,0,0,0,0,0,0,0,2,0,0,0,0,0,0,0,0,0,0,0,0,0,0,0,1,0,0,1,0,0,0,0,0,0,1,0,0,0,1,0,0,0,0,0,0,0,0,0,0,0,0,0,0,0,1,0,0,0,0,0,0,0,0,0,0,0,0,0,0,0,0,0,0,0,0,0,0,0,1,0,2,2,1,0,0,0,0,0,0,0,0,0,0,0
"E8cJ16_B",5,1,0,0,0,0,0,1,0,0,0,1,0,0,0,0,0,0,1103,104,1,130,94,0,0,154,56,2,16,0,16,3,3,1,9,10,20,0,0,0,12,25,0,6,0,1,2,6,2,0,4,4,0,1,0,17,0,1,0,6,6,1,2,1,3,4,2,10,0,2,0,1,11,1,0,0,2,0,1,5,1,0,0,0,0,1,0,0,0,0,1,0,0,10,2,0,0,1,4,0,0,0,0,5,0,2,0,0,7,0,2,2,0,1,0,0,1,0,0,6,0,0,0,2,0,1,1,0,0,2,1,1,0,1,0,0,0,4,0,0,0,0,0,0,0,0,0,1,0,0,0,0,1,0,0,1,0,1,0,0,2,0,0,0,0,0,0,1,0,0,0,0,0,1,0,0,0,0,0,0,0,0,3,0,0,0,0,0,0,0,0,0,0,0,0,0,0,0,0,2,0,0,0,0,1,0,0,0,0,0,0,0,0,0,0,0,1,0,0,0,0,0,0,0,1,0,0,0,0,0,0,0,0,0,0,0,1,0,0,0,0,0,8,0,0,0,0,0,0,0,0,0,0,0,0,0,0,0,0,0,0,0,0,0,0,0,0,0,0,0,0,0,0,0,0,2,0,0,0,0,1,0,0,0,0,2,0,1,0,0,0,0,0,0,0,0,0,0,0,3,0,0,0,0,0,0,0,0,0,1,0,0,0,0,0,0,1,0,0,0,0,0,0,0,0,0,0,0,0,0,2,0,0,0,0,0,0,0,0,0,0,0,0,0,0,0,0,0,0,0,0,1,0,0,0,0,0,0,0,0,0,0,0,0,0,0,0,1,1,0,0,0,0,0,0,0,1,1,0,0,0,0,0,0,0,1,0,0,0,0,0,0,0,0,0,0,0,0,1,0,0,1,0,1,0,0,0,0,0,0,2,0,0,0,0,0,0,0,0,0,0,0,0,0,0,0,0,0,0,0,0,2,0,0,0,0,1,0,0,0,0,1,0,0,0,0,0,0,0,0,0,0,0,1,0,0,0,0,0,0,0,0,0,0,0,0,0,0,0,0,0,0,0,3,0,0,0,0,0,0,0,1,0,0,0,0,0,0,0,0,0,1,0,0,0,0,0,0,0,0,2,0,0,0,0,0,0,2,0,0,0,0,0,0,0,0,0,0,0,0,0,0,0,0,0,0,0,0,0,0,0,0,0,0,0,0,0,0,0,0,0,0,0,0,0,1,0,0,1,0,0,0,0,0,2,0,0,0,0,0,0,0,0,0,0,1,0
"E8cJ69_B",12,5,0,0,0,0,0,0,0,0,0,0,0,0,1,0,0,0,1843,239,1,82,123,1,0,78,89,5,13,2,37,13,8,4,34,16,18,11,0,0,2,5,0,13,0,3,50,1,0,5,33,9,0,6,0,58,0,3,0,0,2,1,3,0,10,10,11,25,0,0,1,4,9,1,2,1,1,0,2,0,0,0,0,0,1,4,0,0,1,2,15,3,2,3,10,0,1,4,2,2,0,0,0,4,0,0,0,1,5,0,2,4,0,0,0,1,0,0,0,2,0,0,1,4,0,0,4,0,0,4,0,0,1,1,0,0,0,1,0,4,1,1,0,0,0,1,0,5,0,0,0,1,0,0,0,0,0,2,0,0,4,0,3,0,0,0,2,4,0,0,0,1,0,4,1,0,0,1,0,1,1,0,4,0,1,0,0,1,0,0,0,0,0,0,1,1,0,0,0,2,0,0,0,0,0,0,0,0,0,1,0,0,0,0,0,2,1,0,0,0,0,1,2,0,1,0,0,0,0,1,2,0,0,0,1,0,0,0,0,1,0,0,2,1,1,0,0,2,0,0,0,0,0,0,0,0,0,0,0,1,0,0,0,2,0,0,0,0,0,0,0,0,0,0,0,0,1,0,0,0,5,0,0,1,0,0,0,0,0,0,0,0,0,0,0,1,0,0,0,0,0,0,0,1,0,0,0,0,0,0,0,0,0,2,0,0,1,0,0,0,0,0,0,0,0,0,0,0,0,0,2,0,0,0,0,0,0,0,0,0,0,0,0,0,0,0,0,0,0,0,0,2,0,0,0,0,0,0,1,0,0,0,0,0,0,0,0,0,0,0,0,0,1,0,0,0,0,0,0,0,0,0,0,0,2,0,0,0,0,0,0,0,0,0,2,0,0,0,0,0,1,0,0,0,0,0,0,0,0,0,1,0,0,0,0,0,0,0,0,0,0,0,0,0,0,0,0,0,0,0,0,0,0,0,0,0,0,0,0,0,0,0,0,0,0,0,0,0,0,0,0,0,0,0,0,0,0,0,0,0,0,0,0,0,0,0,0,0,0,0,0,0,0,1,0,0,0,0,0,0,0,1,0,0,0,0,0,1,0,0,0,0,0,0,0,0,0,0,0,0,0,0,0,0,0,0,0,0,0,0,0,0,0,0,0,0,0,0,0,0,0,0,0,0,0,0,0,0,0,0,0,0,0,0,0,0,0,0,1,0,0,0,0,0,0,0,0,0,1,0,0,0,0,0,1,0,0,0,0,0,0,0,0,0,0,0,1
"E8cJ96_B",32,3,2,1,0,0,0,0,0,0,0,0,1,0,0,0,0,0,1038,163,2,52,73,0,1,53,44,0,21,0,26,23,13,4,18,34,23,12,0,1,1,0,1,4,0,1,85,17,0,9,25,3,0,7,10,44,0,2,0,4,2,0,0,0,5,8,12,20,0,0,0,3,2,7,0,1,1,0,10,1,0,5,0,0,1,0,2,0,0,2,0,1,6,1,0,0,1,0,0,1,1,1,0,5,1,1,0,1,1,0,0,3,0,0,0,1,0,3,9,0,0,1,0,4,0,0,1,0,0,1,3,0,2,0,0,0,0,1,0,1,1,0,0,0,1,5,0,0,0,0,1,0,1,0,0,0,0,2,0,2,3,0,1,1,0,1,0,1,0,1,0,0,0,1,3,0,0,0,0,1,0,0,3,6,0,1,0,1,0,0,0,0,1,0,0,0,0,0,0,1,0,0,1,0,2,2,0,0,0,0,0,0,0,0,0,1,1,0,0,0,1,0,1,0,0,0,0,0,0,0,2,1,0,0,0,0,2,0,0,0,0,0,2,0,1,0,0,0,0,0,1,0,0,0,1,0,0,0,0,0,0,0,0,0,0,0,0,0,0,0,1,0,0,0,0,0,0,0,0,0,0,0,0,0,0,0,0,1,0,1,0,0,0,0,0,2,0,0,0,0,0,0,0,0,0,0,0,0,1,0,0,0,0,1,0,0,0,0,0,0,1,0,0,0,0,0,0,0,0,0,0,0,0,0,0,0,0,0,0,0,0,1,0,0,0,0,0,0,0,0,0,0,0,0,0,0,0,1,0,0,0,0,0,0,0,0,0,0,0,0,0,0,0,0,0,0,0,0,0,0,0,0,0,0,0,0,0,1,0,0,0,0,0,0,0,0,0,0,0,0,0,0,0,0,0,1,0,0,1,0,0,0,0,0,0,0,0,0,0,1,0,0,1,0,0,0,0,0,0,0,0,0,0,0,0,0,0,0,0,0,0,0,0,0,0,0,0,0,0,1,0,0,0,0,0,0,0,0,0,0,0,0,1,0,0,0,0,0,0,0,1,0,0,1,0,0,0,0,0,0,0,2,0,0,0,0,0,0,0,0,0,1,0,0,0,0,0,0,0,0,0,0,1,0,0,0,0,0,0,0,0,0,0,0,0,0,0,0,0,0,0,0,0,0,0,0,0,1,0,0,0,0,0,0,0,0,0,0,0,0,0,0,0,0,0,0,0,0,0,0,0,0,0,2,2,0,0,0,0,0,0,0,1,0,0,0,0
"E1aJ0_C",103,2,1,4,7,0,0,4,1,0,1,0,1,0,0,0,0,0,8334,758,628,528,100,99,221,349,302,50,363,381,489,13,23,951,66,201,420,43,4,17,204,17,22,80,180,318,0,51,36,38,1,63,70,21,8,158,9,18,20,65,12,27,304,63,2,41,1,50,129,222,132,33,37,14,82,26,124,89,3,78,111,1,9,9,0,19,0,0,9,0,0,41,16,96,17,0,5,26,11,9,3,5,0,25,0,23,14,58,71,54,27,9,0,26,12,12,11,0,0,20,0,1,38,16,0,18,12,32,41,3,0,0,7,18,5,4,0,0,0,0,2,0,22,1,0,2,0,3,4,10,0,4,1,0,29,0,0,4,0,7,0,4,5,5,0,0,0,0,5,14,0,5,0,7,4,1,0,9,6,10,0,0,0,7,6,0,0,6,3,3,5,5,2,3,0,0,0,0,0,0,0,9,0,2,4,0,0,0,0,0,0,5,0,1,12,0,1,2,1,0,0,1,0,1,3,0,0,0,1,0,0,9,6,4,2,1,1,4,25,0,2,2,0,2,0,1,0,0,0,0,2,3,2,5,0,0,0,0,3,0,1,1,0,0,2,0,0,3,3,0,0,0,1,1,0,10,0,1,0,0,0,0,1,0,2,0,0,3,1,0,0,0,0,1,1,0,5,5,2,0,1,11,1,0,1,1,0,0,3,1,0,5,0,0,0,0,0,0,1,0,0,0,1,2,0,1,0,0,0,0,0,0,4,0,0,2,0,0,0,1,0,0,0,0,0,4,1,0,2,0,2,0,0,1,2,0,0,3,0,0,1,0,0,0,4,0,2,0,0,5,0,0,0,0,0,0,0,1,3,0,1,0,1,1,0,2,2,0,0,0,0,0,0,1,0,0,0,0,0,1,0,1,0,0,0,0,0,2,0,0,0,2,0,0,0,0,0,0,1,0,0,0,0,0,3,0,1,0,0,1,1,0,1,3,0,0,1,0,0,0,0,0,2,0,0,0,0,3,0,0,0,0,2,0,0,0,1,0,0,2,0,0,0,0,0,0,0,1,0,0,0,0,4,0,0,0,0,3,0,1,0,0,0,1,0,0,0,1,0,0,0,0,0,0,0,4,0,0,1,0,0,1,0,0,1,1,1,0,0,0,0,0,0,0,0,0,0,1,0,0,0,1,0,2,0,0,0,1,0,0,0,1,0,0,0,1,0,0,0,0,0,0,0,2,0,0,0,1,0,0,0,1,0,0,0,0,0,1,0,0,0,0,0,0,0,0,0
"E1bJ5_C",91,0,4,10,3,0,0,2,0,0,1,0,1,0,0,0,0,0,7283,621,313,487,205,1086,90,194,200,166,196,221,213,19,36,673,145,88,247,30,69,20,274,90,31,118,316,226,0,13,35,28,1,48,34,15,6,67,11,7,16,34,5,49,84,307,2,51,1,18,80,111,59,39,9,16,32,21,91,54,6,50,77,0,9,24,0,18,0,0,7,1,0,27,0,23,14,0,3,11,11,4,1,4,0,21,2,11,5,58,28,31,18,5,0,22,6,13,9,0,0,16,1,10,17,6,0,8,5,14,10,2,3,0,0,8,1,3,0,3,0,0,3,2,18,2,0,3,0,1,2,4,1,1,5,1,13,0,0,2,6,3,1,0,1,1,0,0,3,0,4,6,0,2,0,2,2,0,0,2,3,6,0,0,0,2,0,0,0,4,4,1,3,2,1,1,0,4,0,0,1,0,0,7,0,1,1,0,0,0,0,0,0,1,0,1,2,0,2,3,0,0,0,1,1,0,0,0,0,0,5,0,0,2,4,1,0,1,3,1,4,0,0,0,0,4,0,1,0,0,3,0,0,0,4,1,0,1,0,3,1,1,0,0,1,0,1,0,0,3,2,0,0,0,1,0,0,0,1,1,0,0,3,2,3,0,2,0,0,2,0,1,0,0,3,0,2,0,2,2,1,0,2,3,2,0,1,0,0,0,0,0,0,3,0,0,0,0,0,0,0,0,1,0,1,0,0,0,0,0,0,0,0,0,4,1,2,0,0,0,0,0,0,0,0,0,0,5,0,0,0,0,0,0,0,1,3,0,0,2,0,0,1,0,0,1,1,0,0,0,1,0,1,2,1,0,0,0,0,1,0,0,0,0,0,1,0,1,0,0,1,0,0,0,0,0,0,0,0,0,0,1,1,0,1,0,1,1,0,1,1,0,0,0,0,0,0,0,5,0,2,0,1,0,0,1,0,0,0,0,0,0,3,0,0,0,0,0,0,0,0,0,0,0,0,0,0,0,0,0,0,0,0,0,0,0,0,0,0,0,0,2,0,0,0,0,0,0,0,1,0,1,0,0,2,0,1,0,0,1,1,0,2,0,0,0,0,0,1,0,0,0,0,1,0,0,0,4,0,0,0,0,0,0,0,0,0,0,0,0,0,0,0,0,0,0,0,0,0,0,0,0,0,0,0,0,0,0,0,0,1,0,0,1,0,0,0,1,0,0,0,0,0,2,0,2,0,0,1,0,0,0,0,3,0,0,0,1,0,1,0,0,0,0,0,0,0,0,0
"E1bJ16_C",112,1,4,17,8,0,0,0,2,0,0,0,1,0,0,0,0,0,5707,1320,445,852,213,606,244,121,180,122,174,222,214,104,24,726,243,59,221,43,32,97,498,6,85,190,262,202,0,27,30,38,2,35,58,21,17,78,5,8,44,42,10,79,38,156,3,41,0,27,42,91,41,57,14,16,73,21,99,66,8,40,81,0,12,31,3,19,0,0,11,0,0,36,7,25,12,0,6,4,4,3,5,28,0,14,3,9,17,4,6,29,8,5,0,13,3,4,3,0,0,22,0,121,10,6,0,14,7,14,19,5,3,6,6,13,1,6,0,1,0,0,1,0,18,3,1,2,0,1,2,3,0,2,6,3,5,0,0,1,5,1,1,1,3,1,0,0,1,2,7,1,0,2,5,1,1,0,0,1,3,2,0,0,1,3,1,0,4,3,2,2,5,4,5,2,0,0,0,0,0,0,0,2,1,1,2,2,0,0,0,0,0,4,0,0,5,0,1,3,0,0,0,0,0,1,0,1,1,0,6,0,0,1,1,1,1,0,1,6,2,0,1,0,0,0,1,2,0,0,0,0,0,5,2,1,0,0,0,6,3,2,0,0,2,0,0,0,1,1,1,0,0,2,0,4,0,0,0,1,0,0,1,6,0,1,0,0,0,3,1,1,0,0,1,2,1,0,3,1,2,3,0,0,3,0,0,0,1,0,1,0,2,2,0,0,1,0,0,0,2,0,1,1,0,0,0,2,0,0,0,0,1,0,2,0,2,0,0,1,0,0,0,0,0,0,0,0,0,2,0,0,0,0,1,0,3,0,0,2,2,0,1,0,0,0,1,0,0,0,0,0,0,5,1,0,0,0,0,1,0,2,0,0,3,0,0,1,1,0,0,0,0,0,0,0,0,0,0,0,0,0,0,0,0,0,0,0,0,0,0,0,0,0,0,0,0,0,0,0,1,0,0,0,1,0,0,0,0,0,0,0,2,1,1,0,0,0,0,1,0,0,0,0,1,0,0,1,0,0,0,0,0,0,0,0,0,0,4,0,0,1,0,0,0,0,0,0,0,1,0,0,1,0,1,0,0,0,0,0,0,0,1,0,0,0,0,0,0,0,1,0,0,0,1,0,0,0,0,0,0,0,1,1,0,0,0,0,0,0,0,0,0,0,0,0,0,0,0,0,0,0,0,0,0,1,3,0,1,0,0,0,0,0,0,0,0,1,2,1,0,0,0,0,0,2,0,0,1,0,0,0,0,0,0,0,0,1,0,1,0,0,0,0,1,0,0,0,0
"E1bJ40_C",113,2,4,42,10,0,0,2,3,3,2,0,1,0,0,0,0,0,4598,1631,578,580,542,223,423,20,164,102,181,113,181,480,42,21,150,45,60,60,4,236,188,5,113,188,145,31,0,60,33,46,0,27,72,26,55,102,1,8,52,60,9,26,1,9,68,50,2,24,30,21,20,40,13,18,51,8,26,22,23,8,38,68,3,5,0,7,0,0,5,0,0,51,3,6,11,0,30,15,0,9,0,27,2,16,1,8,0,0,1,24,2,8,0,3,0,1,17,1,12,0,0,2,2,1,0,0,15,13,9,1,2,16,3,5,1,1,0,0,36,0,3,2,3,3,2,4,0,0,7,5,0,8,0,34,7,0,0,3,0,1,0,2,2,1,0,0,1,0,4,2,0,2,0,3,1,2,0,3,3,1,0,0,0,0,0,0,22,0,2,1,4,1,7,6,1,0,1,0,1,0,3,3,1,1,2,0,0,0,0,0,0,3,13,1,2,0,0,5,1,0,0,0,0,2,0,1,1,0,1,0,0,0,1,2,0,11,3,4,1,0,1,0,0,2,2,5,0,0,0,0,0,3,2,3,0,2,0,2,1,0,0,0,4,0,4,0,0,0,2,0,2,2,0,2,0,0,0,4,4,6,2,3,0,0,0,0,0,0,3,1,0,0,0,0,0,0,0,0,0,0,0,0,0,0,0,0,0,0,1,1,2,1,0,0,0,0,0,0,3,0,0,0,0,0,0,3,0,0,6,0,0,1,2,0,0,0,0,0,0,0,0,1,1,1,0,0,0,0,0,0,0,0,0,0,0,0,1,0,0,0,1,0,0,0,0,0,1,0,0,0,0,2,1,0,0,0,0,0,0,0,0,1,0,0,0,1,1,0,0,0,0,0,0,0,0,0,0,0,0,1,0,0,0,0,0,0,2,1,0,0,0,0,0,0,0,0,0,0,0,0,2,0,0,0,0,0,0,0,0,0,0,0,1,0,0,0,0,0,1,1,0,0,0,0,0,0,0,1,0,0,0,0,0,0,0,0,0,0,0,0,0,0,0,1,1,0,0,0,0,2,1,0,0,0,0,0,0,0,0,0,0,0,0,0,0,0,2,3,0,0,0,0,0,0,0,0,0,0,0,0,0,1,0,0,0,1,1,0,0,0,0,0,0,0,0,0,0,0,0,0,0,0,0,0,0,0,0,0,1,0,0,1,0,0,0,0,0,1,0,1,1,0,0,0,0,0,2,0,1,0,0,0,0,0,0,0,0,0,1,0,0,0,1,1,0,0,1
"E4aJ5_C",59,1,4,13,5,0,0,2,1,0,0,3,0,0,1,0,0,0,6630,392,235,271,188,798,115,105,154,176,175,172,163,13,11,474,112,79,166,10,55,11,205,76,20,58,252,106,0,10,25,23,0,35,34,5,2,45,10,7,15,34,8,42,56,211,0,42,1,14,22,118,54,35,10,10,28,27,61,41,4,56,70,0,10,23,0,14,0,0,9,0,0,12,4,29,5,0,3,5,6,4,0,3,0,14,4,12,1,25,30,22,5,5,0,10,4,8,0,0,0,12,0,2,14,1,0,9,5,5,6,1,4,1,0,7,1,2,0,2,0,0,0,0,10,2,0,0,0,0,1,4,0,2,5,0,7,0,0,4,2,6,1,0,2,1,0,0,3,2,1,11,0,2,0,2,1,0,1,3,2,3,0,0,0,1,1,0,1,2,1,0,3,2,2,6,0,0,0,0,2,0,0,2,1,1,2,1,0,0,0,0,0,1,0,0,2,0,1,2,0,0,0,0,0,0,0,0,0,0,2,0,0,1,1,3,0,1,1,0,3,0,2,0,0,1,0,0,0,0,0,0,0,1,2,1,0,0,0,1,1,1,0,0,0,1,0,0,0,2,0,0,0,0,0,0,0,0,0,0,0,0,0,1,0,0,1,0,0,0,0,1,0,0,1,1,4,0,2,1,1,1,0,1,1,1,0,0,1,0,0,0,0,0,1,2,0,0,0,0,0,0,0,0,1,0,0,0,0,0,1,0,1,0,1,1,0,0,0,0,0,0,0,0,0,0,0,2,0,0,0,0,0,0,0,0,1,0,0,2,1,1,2,0,0,0,0,0,1,0,1,0,0,0,0,0,0,0,0,1,0,1,0,0,2,1,0,0,0,1,1,0,0,0,0,0,0,0,0,0,0,1,0,0,0,0,0,0,0,0,1,0,0,0,1,0,0,0,0,0,1,1,0,0,0,0,0,0,0,0,0,0,0,2,2,0,0,1,0,0,0,0,0,0,0,0,0,0,0,0,0,0,0,0,1,0,0,0,0,0,0,0,0,0,0,0,0,0,0,0,1,0,0,0,1,0,0,0,0,0,0,0,0,0,0,0,0,0,0,0,0,0,0,0,0,0,0,0,0,0,0,0,0,0,0,0,3,0,0,1,0,0,0,0,0,0,0,0,0,0,1,0,0,0,0,0,0,0,0,1,1,0,0,0,0,0,0,2,0,0,0,0,0,2,0,0,0,0,4,0,0,0,0,0,0,0,0,0,0,0,0,0,0,0,0,0,0,0,0
"E4aJ16_C",93,3,7,24,7,0,1,1,1,1,0,0,0,0,0,0,0,0,4565,937,267,446,191,496,153,107,173,156,96,248,171,80,16,944,178,90,198,38,27,94,425,4,85,95,280,128,0,17,59,20,0,49,39,14,17,51,4,2,39,36,3,82,21,178,0,34,1,18,15,45,50,68,12,25,43,22,80,69,5,46,72,0,9,25,0,19,0,0,8,1,0,30,2,9,11,0,1,9,2,7,1,19,0,16,1,15,14,4,2,36,7,2,0,11,4,5,10,0,0,11,0,135,6,2,0,9,8,10,4,0,0,8,3,7,1,4,0,0,0,0,2,0,11,1,1,0,0,0,2,3,1,3,2,5,6,0,0,5,3,4,0,1,1,4,0,0,2,0,7,3,1,3,3,3,4,0,0,3,3,1,0,0,0,1,3,0,2,1,1,0,4,4,2,1,0,0,0,0,0,0,0,9,0,0,1,1,0,0,0,0,0,2,0,0,9,0,1,6,0,1,0,0,0,1,0,0,0,1,3,0,1,0,4,4,0,5,1,0,1,0,0,2,0,0,2,1,0,0,0,0,0,2,2,2,0,1,0,3,2,1,0,0,8,0,1,0,0,2,4,0,0,1,0,1,0,1,0,0,0,0,0,2,0,1,1,0,0,0,0,0,1,0,1,0,2,0,1,0,1,0,1,0,3,0,0,0,0,0,0,0,0,1,1,0,1,0,0,0,0,0,0,0,1,0,1,0,0,0,0,0,0,0,0,0,1,0,0,0,0,2,0,0,0,0,0,0,0,0,0,0,0,0,0,0,4,0,0,0,0,0,0,0,0,1,2,0,0,0,0,4,1,0,0,0,0,0,0,1,1,0,0,0,0,0,0,1,1,0,0,0,0,0,0,0,0,0,0,0,0,0,0,0,0,1,1,1,0,0,2,0,0,0,0,0,0,0,0,0,0,0,1,0,0,0,0,0,1,0,0,0,1,0,0,0,0,0,0,0,0,0,0,0,0,0,0,1,0,0,0,0,0,1,1,0,0,0,1,0,0,0,0,0,0,0,0,0,0,0,0,0,1,0,0,0,0,0,0,0,0,0,0,0,0,1,0,0,0,0,0,0,0,1,0,0,0,0,0,0,0,0,0,0,0,0,0,0,0,0,0,0,0,0,2,0,0,0,0,0,0,2,0,0,0,0,0,0,1,0,1,0,1,0,0,0,0,1,0,0,0,0,0,0,1,4,0,0,3,1,0,0,0,0,0,0,0,1,0,0,0,0,0,0,3,1,0,0,0
"E4aJ40_C",115,1,12,35,11,0,3,3,6,2,0,0,0,0,0,0,0,0,5699,1561,552,670,678,185,321,23,207,112,161,147,231,464,35,17,205,60,94,97,1,281,170,13,91,138,156,48,0,37,76,50,11,46,94,26,66,110,1,14,60,69,5,27,1,10,34,60,3,32,12,24,37,39,28,23,47,16,32,25,40,9,69,61,3,5,5,4,0,0,18,2,0,60,10,5,15,0,20,18,0,8,1,17,14,14,2,5,0,0,6,16,4,14,0,8,2,7,14,1,12,0,0,1,4,1,0,0,14,8,2,2,0,15,10,8,0,1,0,0,51,0,2,1,0,1,1,5,0,0,9,7,0,1,0,25,8,0,0,4,0,0,0,1,3,2,0,0,3,1,5,1,0,11,0,1,4,0,0,1,3,1,0,0,0,0,3,0,6,0,2,2,5,4,2,5,0,0,1,0,1,0,1,6,0,0,2,3,0,0,0,0,1,2,14,1,7,0,4,5,1,0,1,0,0,2,0,0,2,1,4,0,0,0,2,3,0,16,1,2,2,0,0,1,0,1,2,2,0,0,0,2,0,5,1,0,1,0,0,3,3,0,0,0,8,0,2,0,0,0,1,0,2,1,1,0,0,0,1,3,1,7,0,4,0,2,0,0,0,0,1,0,0,0,1,2,3,0,1,1,0,0,1,1,1,0,0,1,0,0,0,0,0,2,1,0,0,0,0,0,3,0,0,1,0,0,2,4,0,0,2,0,1,0,0,0,0,0,0,4,0,0,0,0,1,1,0,0,0,3,0,0,1,0,0,0,1,0,3,0,0,0,0,0,0,0,0,0,4,0,0,1,0,1,0,0,0,0,0,0,0,0,0,0,0,1,0,2,0,0,0,0,0,0,0,0,0,0,0,0,0,0,0,1,0,0,0,0,3,0,0,0,0,0,1,0,0,0,0,0,0,0,0,2,0,0,0,0,0,0,0,0,0,0,1,0,1,0,1,1,0,0,0,0,1,0,0,0,0,1,0,0,0,0,0,0,0,0,0,0,0,0,0,0,0,1,0,0,0,0,1,0,0,0,0,0,1,0,4,0,1,0,0,0,0,3,0,0,2,0,0,0,0,0,0,0,0,0,0,0,0,0,0,1,0,0,0,0,0,0,0,0,0,0,0,0,0,0,0,0,0,0,0,0,0,1,0,0,0,0,0,0,0,0,0,0,0,0,1,1,0,2,1,1,0,1,0,0,0,2,0,0,0,0,0,0,0,0,0,0,0,0,0,0,2,3,0,0,0
"E5aJ40_C",107,3,9,55,5,0,2,1,4,0,0,0,2,0,0,0,0,0,5560,1503,395,471,626,212,391,40,176,145,127,180,176,420,25,24,171,66,69,84,9,252,127,14,96,69,165,34,0,77,93,25,11,38,67,22,61,96,2,10,67,55,6,22,3,7,25,44,0,19,20,13,29,33,24,12,38,18,32,41,22,7,67,56,5,10,3,16,0,0,14,1,0,63,10,3,18,0,17,18,0,19,1,25,22,7,1,8,0,0,1,21,6,21,0,7,3,7,24,0,4,0,1,0,4,3,0,3,9,11,9,0,1,8,5,2,2,0,0,1,49,0,4,1,2,3,1,3,0,0,12,12,0,3,0,21,6,0,1,3,1,0,0,1,4,1,0,0,1,0,3,4,0,1,0,1,6,0,0,5,0,1,0,0,0,2,3,0,10,0,0,2,9,5,8,4,0,0,2,0,0,1,0,7,0,0,2,2,0,0,0,0,0,2,13,1,7,0,2,2,0,0,0,1,0,5,0,1,0,1,2,0,0,0,0,4,0,12,2,2,0,1,0,0,0,1,1,2,0,0,0,1,1,5,2,1,1,0,0,1,2,0,0,0,6,1,1,0,1,0,3,0,1,2,2,1,0,0,1,1,1,3,0,5,0,0,0,0,0,1,3,1,0,0,1,1,1,0,0,0,0,0,0,0,1,0,1,0,0,0,1,1,1,1,0,0,2,0,0,0,2,3,0,0,1,0,0,4,0,0,7,0,0,0,1,0,0,0,0,1,0,1,0,0,1,1,0,0,0,0,0,0,0,0,0,1,0,0,1,0,1,0,3,0,0,0,0,0,1,1,1,0,0,4,0,0,3,0,0,0,0,0,1,0,0,2,0,0,0,0,0,0,0,0,0,0,0,0,0,0,0,1,1,1,0,0,1,0,1,0,1,0,0,1,1,0,0,0,0,0,0,0,0,0,0,1,0,0,1,0,0,0,0,0,0,0,0,0,0,0,0,0,0,0,0,0,0,0,0,1,0,0,0,0,0,0,0,0,0,0,0,0,0,0,0,0,0,0,0,0,0,1,0,0,0,0,0,0,9,0,0,0,0,0,0,3,0,0,1,1,0,0,0,0,0,1,0,0,0,0,0,0,0,0,0,0,0,0,0,2,0,0,0,0,0,1,0,0,0,0,0,0,0,1,0,0,0,0,0,0,2,0,0,0,0,1,0,1,1,0,0,0,1,1,1,0,0,0,0,0,0,0,0,0,0,2,0,0,0,0,0,0,0,0,0,2,0,0,0
"E8aJ0_C",12,0,1,0,0,0,0,0,0,0,0,0,1,0,0,0,0,0,1870,111,31,54,29,14,9,79,76,9,15,55,98,0,7,119,15,55,56,12,9,3,10,6,3,14,14,45,0,2,10,0,1,8,1,3,0,11,5,2,2,9,1,6,8,3,0,3,0,9,9,21,34,6,6,3,7,5,7,11,1,6,17,0,1,0,0,4,0,0,2,0,0,7,1,9,3,0,0,4,2,2,0,0,0,6,0,3,0,6,17,8,3,0,0,5,1,1,0,0,0,1,0,0,2,1,0,1,0,2,6,0,0,0,0,5,0,0,0,0,0,0,0,0,1,1,0,0,0,0,0,0,0,0,2,0,2,0,0,0,0,0,0,0,1,0,0,0,0,0,0,0,0,0,0,0,0,0,0,0,0,3,0,0,0,2,0,0,0,0,0,0,2,1,0,0,0,0,0,0,0,0,0,0,0,1,0,0,0,0,0,0,0,0,0,0,3,0,0,0,0,0,0,0,0,0,0,0,0,0,0,0,0,0,0,1,0,0,0,0,1,0,0,1,0,0,0,0,0,0,0,0,0,1,0,0,0,0,0,0,0,0,0,0,0,0,1,0,0,1,0,0,0,0,0,0,0,2,0,0,0,0,0,0,0,0,1,0,0,1,0,0,0,0,0,0,0,0,2,0,0,0,0,0,1,0,0,0,0,0,0,0,0,0,0,0,1,0,0,0,1,0,0,0,0,0,0,0,0,0,0,0,0,0,0,0,1,0,0,0,0,0,0,0,0,0,0,0,0,1,0,0,0,0,0,0,1,0,0,0,0,0,0,0,0,0,0,0,1,0,0,1,0,0,0,1,0,0,0,0,0,0,0,0,0,1,0,0,1,0,0,0,0,0,0,0,0,0,0,0,0,0,0,1,0,0,0,0,0,0,0,0,0,0,0,0,0,0,0,0,0,0,0,0,0,1,0,0,1,0,0,0,0,0,0,0,0,0,0,0,0,0,0,0,0,0,0,1,0,0,0,0,0,0,0,0,0,0,0,0,0,1,0,0,0,0,0,0,0,0,0,0,0,0,0,0,0,0,0,0,0,0,0,0,0,0,0,0,0,0,0,0,0,0,0,0,0,0,0,0,0,0,0,0,0,0,1,0,0,0,0,0,0,0,0,0,0,0,0,0,0,0,0,0,0,1,0,0,1,0,0,0,0,0,0,0,0,0,0,0,0,0,0,0,0,0,0,0,0,0,0,0,0,0,0,0,0,0,0,0,0,0,0,0,0,0,0,0,0
"E8aJ5_C",44,2,2,8,4,0,1,1,0,1,0,1,0,0,0,0,0,0,5143,412,298,693,2468,56,55,331,352,26,100,204,249,7,30,101,83,110,194,29,915,0,69,213,20,61,39,80,0,3,26,13,2,22,31,14,2,72,3,3,7,29,9,11,29,27,1,25,0,27,29,73,79,21,26,7,10,20,39,4,6,29,43,0,11,7,0,10,0,0,9,0,1,8,2,34,14,0,1,5,10,11,1,2,0,18,2,13,5,1,37,5,8,4,0,17,5,9,4,0,0,20,0,1,6,5,0,12,4,3,16,3,2,0,0,6,1,5,1,0,0,0,1,0,11,2,1,1,0,1,1,3,0,8,2,0,0,0,0,2,45,4,0,1,5,0,0,0,0,0,2,2,0,1,0,2,6,0,0,2,1,8,0,0,1,0,1,0,0,3,0,2,0,0,1,4,3,2,0,0,0,2,0,2,0,0,0,1,0,0,0,0,0,2,0,1,2,0,2,4,0,0,0,0,0,0,0,0,0,0,1,0,0,1,1,1,0,1,0,1,1,0,1,0,0,1,2,2,0,0,0,0,2,1,0,0,0,1,0,1,4,0,0,0,0,0,1,0,0,1,1,0,0,0,2,0,0,0,0,0,0,0,1,0,0,0,1,0,0,1,0,0,0,0,0,0,1,0,1,0,2,0,0,3,0,0,0,0,0,0,4,1,4,0,0,0,2,0,0,0,0,0,0,0,0,0,0,0,0,0,0,0,1,0,1,0,1,0,0,0,0,0,0,1,0,0,0,0,0,0,0,0,0,0,0,0,0,0,0,1,1,1,3,0,0,13,1,0,0,0,0,1,0,0,0,1,0,0,0,4,0,0,0,0,1,0,0,1,2,0,1,0,0,0,0,1,0,1,0,0,0,0,0,0,0,1,0,1,0,0,1,0,0,1,0,0,0,0,0,0,0,0,0,0,0,0,0,0,0,0,0,0,0,0,0,2,0,0,0,0,0,0,0,0,0,0,0,0,0,0,0,0,0,0,0,0,0,0,0,0,0,1,0,0,0,0,0,0,0,0,0,0,0,0,0,0,0,0,0,2,1,0,0,0,0,0,0,0,0,0,0,0,3,0,0,0,0,0,0,0,0,0,1,0,0,0,0,0,1,1,0,0,0,0,0,0,0,0,0,0,0,1,0,0,0,1,0,0,0,0,1,0,0,0,0,0,0,2,0,1,0,0,0,0,0,1,0,0,0,1,0,0,0,1,0,0,0,0,0,0,1,1,0,0,0,1,0,0,0
"E8aJ40_C",6,0,0,0,0,0,0,0,0,0,0,0,0,0,0,0,0,0,893,65,20,42,243,0,0,32,65,2,4,22,35,5,7,3,12,61,8,20,79,1,0,4,9,8,1,8,0,0,9,0,5,5,6,2,0,5,1,0,1,2,3,0,1,0,0,3,1,3,3,0,7,2,1,2,0,1,0,0,2,0,0,0,1,0,0,2,0,0,2,0,0,2,0,0,1,0,0,2,15,3,0,0,0,2,0,5,0,0,0,0,4,0,0,3,0,0,0,0,0,1,0,0,0,0,0,0,0,0,0,0,0,0,0,2,0,0,2,0,0,0,0,0,0,0,1,0,0,0,1,0,0,0,2,0,0,0,0,0,3,0,1,0,0,0,0,0,0,0,0,0,0,0,0,0,0,0,0,0,0,0,0,0,0,0,0,0,0,0,1,0,0,0,0,1,0,1,0,0,0,0,0,0,0,0,0,0,0,0,0,0,0,0,0,1,1,0,0,0,0,0,0,0,0,0,0,0,1,0,0,0,0,1,0,0,0,0,0,1,0,0,0,0,0,0,0,1,0,0,0,0,1,0,0,0,0,0,0,0,1,1,0,0,0,0,0,0,0,0,0,0,0,0,0,0,0,0,0,0,0,0,0,0,0,0,0,0,0,0,0,0,0,0,0,0,0,0,0,0,1,0,0,0,0,0,0,0,0,0,0,0,0,0,0,0,0,0,0,0,0,0,0,0,0,0,1,0,0,0,0,0,0,0,0,0,1,0,0,0,0,0,0,0,0,1,0,0,0,0,0,0,0,0,0,1,0,0,0,0,0,0,0,0,0,1,0,0,0,0,0,0,0,0,0,0,0,0,0,0,0,0,0,0,0,0,0,0,1,0,0,0,0,0,0,0,0,0,0,0,0,0,0,0,0,0,0,0,0,0,0,0,0,1,0,0,0,0,0,0,0,0,0,0,0,0,0,0,0,0,0,0,0,0,0,0,0,0,0,0,0,0,0,0,0,0,0,1,11,0,0,0,0,0,0,0,0,0,0,0,0,0,0,0,0,0,0,0,1,0,0,0,0,0,0,0,1,10,0,0,0,0,0,0,0,0,0,0,0,0,0,0,0,0,0,0,0,0,0,0,0,0,0,0,0,0,0,0,0,0,0,0,0,0,0,0,0,0,0,0,0,0,0,0,0,0,0,0,0,0,0,0,0,0,0,0,0,0,0,0,0,0,0,0,0,2,0,0,0,0,0,0,0,0,0,0,0,0,0,0,0,0,0,0,0,0,0,0,0
"E8aJ111_C",67,4,8,0,1,0,0,1,0,1,0,0,0,0,0,0,0,0,1696,196,117,77,366,0,1,38,58,1,52,45,93,20,13,8,23,173,53,121,95,1,0,0,57,16,2,7,17,3,3,10,24,7,18,21,1,42,16,4,0,2,9,0,1,0,6,13,23,9,8,1,10,5,5,15,0,2,0,0,3,1,0,0,1,0,32,0,0,2,9,20,3,6,4,0,7,0,0,10,4,6,2,0,0,1,1,6,0,0,2,0,6,1,0,2,5,6,0,10,0,1,0,1,0,1,0,0,1,0,0,0,0,0,1,0,0,10,0,0,0,5,0,3,0,0,0,1,0,4,0,0,1,2,1,0,0,0,0,1,3,0,0,2,0,0,0,0,0,0,0,1,0,1,0,1,0,0,61,0,2,0,0,0,0,0,0,0,0,0,1,1,1,0,0,0,1,0,4,0,0,0,0,0,0,0,0,3,0,0,5,5,0,1,0,0,0,1,0,0,0,0,0,0,0,0,0,1,0,2,0,0,0,0,1,0,0,0,0,0,0,0,2,0,0,0,0,2,0,0,0,0,0,0,0,0,0,0,0,0,1,0,0,0,0,0,2,0,1,1,0,0,0,0,0,1,0,0,0,0,0,1,0,0,0,0,3,0,0,0,0,0,0,1,0,0,0,0,0,0,0,0,0,0,0,0,0,0,0,0,0,1,0,0,0,0,0,0,0,0,0,0,0,0,0,0,0,0,0,0,0,0,0,0,0,0,0,0,0,0,6,0,0,1,0,0,0,0,0,0,1,1,0,0,0,0,0,0,0,0,0,0,0,0,0,1,0,0,0,0,0,0,0,0,0,0,0,0,0,0,0,0,0,0,0,0,0,0,0,0,0,0,0,0,0,0,0,0,0,0,0,0,0,0,0,0,0,0,0,0,2,0,0,0,0,0,0,0,0,0,0,0,0,0,0,0,0,0,0,0,0,0,0,0,0,0,0,0,0,0,0,0,0,0,0,0,0,0,0,0,0,0,0,0,0,0,0,0,0,0,0,0,0,1,0,1,0,0,0,0,0,0,0,0,0,0,0,0,0,0,0,0,0,0,0,0,0,0,0,1,0,0,0,0,0,0,0,0,0,0,0,0,0,0,0,0,1,0,0,0,0,0,0,0,0,0,0,0,0,0,0,0,0,0,0,0,0,0,0,0,0,0,0,0,0,0,0,0,1,0,0,0,0,0,0,1,0,0,0,0,0,0,0,1,0,0,0,0,0,1,0,0,0,0,0,0,0,0,1
"E8bJ5_C",12,0,2,1,0,0,0,1,0,0,0,1,0,0,0,0,0,0,2772,236,124,248,1307,28,29,251,186,7,47,116,141,2,22,52,36,111,99,23,563,0,18,128,7,38,22,59,0,3,19,3,3,14,11,4,0,16,12,1,7,5,7,7,8,10,0,9,0,15,32,16,41,20,12,7,5,13,13,2,1,14,20,0,5,6,0,4,0,0,10,0,0,7,2,15,12,0,1,4,5,9,0,2,0,7,1,4,2,0,13,6,13,2,0,12,7,4,1,0,0,11,0,1,6,6,0,7,2,1,7,1,0,0,0,3,0,2,1,0,0,0,0,0,2,2,0,1,0,0,2,0,0,3,0,0,0,0,0,1,32,1,0,0,0,1,0,0,1,1,1,0,0,0,0,0,1,0,0,2,0,1,0,0,0,0,2,0,0,1,1,0,3,0,1,1,0,0,0,0,0,0,0,2,0,0,0,0,0,0,0,0,0,0,0,1,1,0,1,0,0,0,0,0,0,0,0,0,0,0,0,0,0,0,0,2,0,0,0,1,1,0,0,1,0,2,2,0,0,0,0,0,0,0,0,1,0,0,0,1,0,0,0,0,1,0,0,0,0,2,1,0,0,1,2,0,0,2,0,0,0,0,0,0,0,0,1,0,0,0,0,0,0,0,0,0,0,0,0,0,3,0,1,0,2,0,0,0,0,0,0,1,0,0,0,0,0,0,0,0,0,0,0,1,0,0,0,0,0,0,0,0,0,0,1,0,2,0,0,0,0,0,0,0,1,0,0,0,0,2,0,0,0,0,0,0,0,0,0,2,0,1,2,0,0,3,0,0,0,0,0,0,1,1,0,1,0,0,0,0,0,0,0,0,0,0,0,0,1,0,0,0,0,0,0,0,0,0,0,0,0,1,0,0,0,0,0,0,0,0,0,0,0,0,0,0,0,0,0,0,0,0,0,0,0,0,0,0,0,0,0,0,0,0,0,0,0,0,0,0,0,0,0,0,0,0,0,0,0,1,0,0,0,0,0,0,0,0,0,0,0,0,0,0,0,0,0,0,0,0,0,0,0,0,1,0,0,0,0,1,0,0,0,0,0,0,0,0,0,1,0,0,1,0,0,0,0,0,0,0,0,0,0,0,0,0,1,0,0,0,0,0,0,0,0,0,0,0,0,0,0,0,0,0,0,0,0,0,0,1,0,0,0,0,0,0,0,0,0,0,0,0,0,0,0,1,0,0,0,1,0,0,0,2,0,0,0,0,0,0,0,0,0,0,0,0,0,0,0
"E8bJ40_C",2,0,0,0,0,0,0,0,0,0,0,0,0,0,0,0,0,0,1588,114,34,48,454,0,1,30,128,4,8,33,54,5,21,2,24,90,3,54,58,0,2,6,23,12,0,15,1,0,5,1,3,5,6,3,0,5,1,0,0,3,2,1,0,0,1,5,2,1,2,2,9,5,14,5,1,0,0,0,0,0,1,0,3,0,0,1,0,0,0,1,0,1,1,1,0,0,2,6,14,4,0,1,0,2,1,6,0,0,2,0,1,0,0,3,2,1,0,0,0,0,0,0,1,1,0,0,0,0,1,0,0,1,0,0,0,1,1,0,0,0,0,0,0,0,0,0,0,5,1,0,0,2,2,0,0,0,0,0,5,0,1,0,0,0,0,0,0,0,0,0,0,0,0,0,0,0,0,0,1,1,1,0,0,0,1,0,0,0,0,0,0,1,0,0,0,3,0,0,0,2,0,0,0,0,0,0,0,0,0,3,0,0,0,0,0,1,1,0,0,0,0,0,0,0,0,0,0,0,0,0,0,0,0,1,0,0,0,0,0,0,2,0,0,0,0,0,0,0,0,0,0,0,0,0,0,0,0,0,0,0,0,0,0,0,0,0,0,0,0,0,0,0,0,0,0,0,0,0,0,0,0,0,0,0,0,0,0,1,0,0,0,0,0,0,0,0,0,0,1,0,0,0,0,0,0,0,0,0,0,1,0,0,0,0,0,0,0,0,0,1,0,0,0,0,0,0,0,0,0,0,0,0,0,0,0,0,0,0,0,0,0,0,0,0,0,0,0,0,0,0,0,0,0,1,0,0,0,0,0,0,0,0,0,0,0,0,0,0,0,1,0,0,0,1,0,0,0,0,0,0,0,0,0,0,0,0,0,0,0,0,0,0,0,0,0,0,0,0,0,0,0,0,0,0,0,0,0,0,0,0,0,0,0,0,0,0,0,0,0,0,0,0,0,0,0,0,0,0,0,0,0,0,0,1,0,0,0,0,1,0,0,0,0,0,0,0,0,0,0,0,0,0,0,0,0,0,0,0,0,0,0,0,0,0,0,0,0,0,0,0,0,0,0,0,0,0,0,0,0,0,0,0,0,0,0,0,0,1,1,0,0,0,0,0,0,0,0,0,0,0,0,1,0,0,1,0,0,0,0,0,0,0,0,0,0,0,0,0,0,0,0,0,0,0,0,0,0,0,0,0,0,0,0,0,0,0,0,0,0,1,0,0,0,0,0,0,0,0,0,0,0,1,0,0,0,0,0,0,0,0,0,0,0,0,0,0,1
"E8bJ82_C",25,1,2,2,2,0,0,0,0,0,0,0,0,0,0,0,0,0,1609,182,94,81,515,0,1,47,104,6,24,74,96,28,23,9,29,223,40,120,17,0,0,0,87,21,4,16,15,0,14,10,15,5,13,14,12,25,19,3,0,2,5,0,0,3,1,24,5,16,4,0,15,4,3,15,2,0,2,0,6,2,5,0,0,0,22,2,0,0,11,1,1,4,2,2,10,0,5,15,0,12,24,0,0,1,1,10,0,0,4,0,8,0,0,4,0,1,1,16,9,2,0,0,1,0,0,0,2,0,0,1,0,0,1,0,1,1,1,0,0,1,0,0,1,2,0,1,0,6,0,1,0,1,2,0,0,0,0,2,0,0,1,0,0,1,0,0,1,0,0,2,0,0,0,1,0,0,0,2,0,0,0,0,0,1,0,0,1,0,0,0,2,0,2,3,2,0,2,0,0,0,0,0,0,0,1,1,0,0,3,1,0,0,0,0,0,0,1,0,0,0,0,0,0,0,0,0,0,0,0,1,0,0,1,0,0,0,0,0,0,0,0,2,0,0,3,3,0,0,0,0,0,0,0,1,1,0,0,0,0,0,0,0,0,0,0,0,1,0,0,0,0,0,0,0,0,0,0,0,0,0,0,0,0,0,0,0,0,0,0,0,0,0,0,0,0,0,0,0,0,0,0,0,0,0,0,0,0,0,1,0,0,0,0,0,0,0,0,1,1,0,0,0,0,0,0,0,0,0,0,0,0,0,0,0,0,0,0,0,0,0,1,0,0,0,0,0,0,0,0,0,0,0,0,1,0,0,0,0,0,0,0,0,2,0,0,0,0,0,0,0,0,0,0,0,0,0,0,0,0,0,0,0,0,0,0,0,0,0,0,0,0,0,0,0,0,0,0,0,0,0,0,0,0,0,0,0,0,0,0,0,0,0,0,0,0,0,0,0,0,0,0,0,0,0,0,1,0,0,0,0,0,0,0,0,0,0,0,0,1,0,0,0,0,0,0,0,0,0,0,0,0,0,0,0,0,0,0,0,0,0,0,0,0,0,0,0,0,0,0,0,0,0,0,0,0,0,0,0,0,0,0,0,0,0,1,0,0,0,0,0,0,0,0,0,0,0,0,0,0,0,0,0,0,0,0,0,0,0,0,0,0,0,0,0,0,0,0,0,0,1,0,0,0,1,0,0,0,0,0,0,0,0,0,0,0,0,0,0,0,1,0,0,0,0,0,0,0,2,0,0,0,0,0,1,0,0,0,0,0,0,0,0,0,0,0,0,0
"E8bJ111_C",131,0,6,0,3,0,0,0,0,0,1,0,1,0,0,0,0,0,2400,341,255,119,687,2,30,44,158,5,47,88,138,126,24,28,59,276,75,159,43,8,0,1,323,30,1,26,25,197,19,29,42,23,40,46,110,83,21,0,0,5,1,1,7,7,0,36,27,32,6,1,16,10,3,36,2,8,0,1,28,3,11,11,0,0,24,0,0,0,34,28,0,15,2,1,8,0,15,12,0,16,44,2,0,2,0,17,0,0,2,3,7,1,0,2,10,5,0,27,11,5,0,0,0,0,0,0,2,3,0,0,0,0,10,0,1,9,2,0,0,0,3,0,0,2,2,7,0,9,2,0,2,2,4,0,0,0,0,3,1,2,1,1,2,23,0,1,0,0,0,6,0,1,0,1,1,0,40,1,0,0,0,0,0,4,1,0,0,1,1,1,1,0,3,2,3,0,2,0,0,0,0,1,0,0,2,4,0,0,6,2,0,1,0,3,0,0,3,0,0,0,0,0,0,3,0,2,2,0,2,0,0,2,0,0,0,0,3,1,0,0,0,2,0,0,1,2,0,0,0,1,1,0,1,0,3,0,0,0,0,0,0,0,0,0,0,0,3,0,0,0,0,0,0,0,0,1,1,0,3,0,0,0,1,0,1,0,0,0,0,0,0,0,0,0,1,0,0,0,0,0,0,0,1,1,0,0,0,0,0,0,0,0,0,0,1,0,0,0,0,1,0,0,0,0,0,0,0,18,0,0,0,0,0,0,0,0,0,0,2,0,0,0,0,3,0,0,0,0,0,1,0,0,0,1,0,0,0,1,0,0,0,0,1,0,0,0,0,1,0,0,0,0,0,0,0,0,0,0,0,0,1,0,0,2,0,0,0,0,0,0,0,0,0,0,0,0,0,0,0,0,0,0,0,0,0,0,0,0,1,0,0,0,3,0,0,0,0,0,0,0,0,0,1,0,0,0,0,0,0,0,0,0,0,0,0,0,0,1,0,0,0,0,0,0,2,0,0,0,0,2,0,0,0,0,0,0,0,0,0,0,0,0,0,0,1,0,0,0,0,1,0,1,1,0,1,0,0,0,2,0,0,0,0,0,0,0,0,0,0,0,0,1,0,0,0,0,0,0,0,0,1,0,0,0,0,0,0,0,0,0,0,0,0,0,2,0,0,0,0,0,0,0,0,0,0,0,0,0,0,0,0,0,0,0,0,0,0,0,0,1,0,0,0,0,0,0,0,1,0,0,0,0,0,0,0,0,0,0,0,0,0,0,0,0,0,0,0
"E8cJ5_C",21,0,0,2,0,0,0,0,0,0,0,0,0,0,0,0,0,0,2483,202,112,222,781,15,16,168,135,5,38,58,148,4,24,34,27,26,84,10,271,0,29,65,4,16,12,44,0,3,4,3,2,7,17,4,0,22,2,3,3,9,3,5,14,9,0,5,0,14,16,18,25,6,4,4,0,7,8,1,4,6,8,0,5,1,0,5,0,0,2,0,0,7,1,18,4,0,1,4,3,2,0,3,0,5,2,4,4,2,10,1,1,2,0,5,4,2,1,0,0,5,0,0,3,2,0,2,0,0,9,2,0,0,1,6,0,1,1,0,0,0,0,0,2,0,0,3,0,0,1,1,1,1,3,0,0,0,0,1,17,0,0,0,0,0,0,0,1,0,0,0,0,0,0,2,1,0,0,0,0,2,0,0,0,0,1,0,0,0,0,1,2,0,0,0,0,2,0,0,0,0,0,1,0,0,0,0,0,0,0,0,0,0,0,1,0,0,0,1,0,0,0,0,0,0,0,0,0,0,0,0,0,0,1,1,1,0,0,2,1,0,0,0,0,0,0,0,0,0,0,0,1,1,0,0,0,0,0,0,1,0,0,0,0,0,0,0,0,0,1,0,0,0,0,0,0,2,0,0,0,0,0,0,0,0,0,0,0,0,0,0,0,0,0,0,1,0,0,0,0,0,0,1,1,0,0,0,0,0,2,0,0,0,0,0,0,0,0,0,0,0,0,0,0,0,0,0,0,0,0,0,1,0,0,0,2,1,0,0,0,0,0,0,1,0,0,0,0,0,0,0,1,0,0,0,0,0,0,0,0,0,0,0,0,1,2,0,0,1,0,0,1,0,0,2,0,0,0,0,0,0,0,0,0,0,0,0,0,0,0,0,0,0,0,0,0,0,0,0,0,1,0,0,0,0,2,1,0,0,2,0,0,1,0,0,0,0,0,0,0,0,0,0,0,0,0,0,0,0,0,0,0,0,0,0,0,0,0,0,0,0,0,0,0,0,0,0,0,0,0,0,0,0,0,0,0,0,0,0,0,1,0,0,0,0,0,0,0,0,0,0,0,0,0,0,0,0,0,0,0,0,0,0,0,0,0,0,0,0,0,0,0,0,0,0,0,0,0,0,0,0,0,0,0,0,0,0,0,0,0,0,0,0,0,0,0,0,0,0,0,0,0,0,0,0,0,0,0,0,0,0,0,0,0,1,0,0,0,0,0,1,0,0,0,0,0,0,0,0,3,0,0,0,0,0,0,0,0,0,0,0,0,0,0,0,0,0,0
"E8cJ40_C",30,0,0,2,1,0,0,1,0,0,0,0,0,0,0,0,0,0,2981,305,199,298,1047,1,4,126,244,15,46,82,141,23,22,11,66,206,29,38,388,0,11,31,27,30,8,39,0,3,30,7,10,11,28,11,2,36,9,1,1,3,11,1,3,5,7,7,3,16,24,0,24,10,19,11,5,5,2,1,6,0,3,0,3,2,0,8,0,0,5,3,3,2,8,3,9,0,3,11,32,10,0,2,0,9,1,8,1,0,2,1,8,7,0,5,1,7,0,0,0,4,1,1,0,3,0,0,4,1,0,1,0,0,5,7,2,1,23,0,0,6,1,0,1,0,1,3,0,26,6,0,0,4,7,0,0,0,7,5,19,0,6,1,1,3,0,0,0,1,1,2,0,1,0,0,2,0,0,0,3,0,0,0,0,0,1,0,0,0,0,0,2,1,1,1,4,1,0,0,1,0,0,2,0,1,1,5,0,0,0,1,0,0,0,0,1,0,3,0,0,0,0,0,0,0,0,1,0,0,0,0,0,0,2,1,0,1,1,0,0,0,1,1,0,1,1,0,0,0,0,0,2,0,0,0,0,0,1,0,0,0,0,0,0,0,2,0,0,2,1,0,0,0,1,0,0,0,1,0,0,0,0,0,0,0,0,0,0,0,0,1,0,0,0,0,2,0,0,1,0,0,0,0,0,0,1,0,0,0,3,0,0,2,0,0,0,0,0,0,0,0,0,1,0,0,0,0,0,3,0,0,0,0,1,0,0,0,0,0,0,0,0,1,0,0,0,0,0,0,0,0,2,0,0,0,0,0,0,0,0,0,2,0,0,3,1,0,0,0,0,0,0,0,0,1,0,0,0,0,0,0,0,0,0,0,1,0,1,0,1,0,0,0,0,0,0,0,0,0,0,0,0,0,0,1,0,0,0,0,0,0,0,0,0,0,0,0,0,0,0,0,1,0,0,0,0,1,0,0,0,0,0,0,0,0,0,0,0,0,0,0,1,0,0,0,1,0,0,0,0,0,0,0,0,0,0,0,0,0,0,0,1,0,0,0,0,0,1,0,0,0,0,0,0,0,0,0,0,0,0,0,0,0,0,0,0,0,0,0,0,0,0,0,0,0,0,0,0,0,0,0,0,0,0,0,0,0,1,1,0,0,0,0,0,0,0,1,0,0,0,1,0,0,0,0,0,0,0,0,1,0,0,0,0,0,0,0,0,0,0,0,0,0,0,1,0,0,0,1,0,0,0,0,0,1,0,0,0,0,0,0,0,0,0,0,0,0,0
"E8cJ111_C",265,0,3,0,3,0,0,0,0,2,0,1,0,0,0,0,0,0,3038,547,361,109,1003,0,3,52,290,15,93,149,212,63,31,35,106,403,105,201,22,0,3,6,24,46,11,5,94,3,24,30,31,22,58,73,0,117,41,4,1,0,16,0,2,9,4,44,104,30,29,1,29,19,17,42,1,8,1,0,20,3,0,0,0,1,2,0,0,2,33,76,20,8,5,1,15,0,2,9,1,23,0,1,0,7,2,13,0,0,1,1,10,9,0,1,12,10,0,2,0,5,0,0,4,2,0,0,3,0,0,1,0,0,2,0,1,21,16,1,0,29,1,4,1,1,0,3,0,23,0,2,1,3,1,0,0,0,70,5,0,0,3,0,0,0,0,0,2,0,0,0,0,2,0,3,5,2,0,2,2,0,0,0,0,0,0,0,1,0,1,0,4,1,0,12,4,6,18,0,0,1,0,4,0,2,3,1,0,0,0,4,0,0,0,1,0,2,1,2,0,0,0,0,1,0,0,0,1,0,0,0,0,2,2,1,0,0,0,4,0,0,0,3,0,0,0,0,0,0,0,0,1,0,0,0,0,0,4,0,2,2,0,0,0,0,2,0,3,1,2,0,0,1,1,0,0,2,1,0,0,0,0,0,0,3,6,0,0,0,0,1,0,0,0,2,0,0,0,0,0,0,0,0,0,1,0,0,0,0,0,0,0,2,0,0,0,1,0,0,0,2,0,0,0,0,0,0,0,1,0,0,0,0,0,0,0,0,0,0,0,0,1,0,1,0,0,0,0,1,0,1,0,0,0,1,1,0,0,1,0,0,2,0,0,0,0,0,0,0,0,0,0,0,0,0,0,0,0,1,0,0,0,0,0,0,0,0,2,0,0,0,0,0,0,1,1,0,0,0,0,0,0,0,0,0,0,0,0,0,0,0,0,1,0,0,0,0,0,0,1,0,0,0,0,0,0,1,0,0,0,0,0,0,0,1,0,0,0,0,1,0,1,0,0,0,2,0,0,0,0,0,0,0,0,0,0,0,0,0,0,0,0,0,0,1,0,0,0,0,1,0,0,1,0,0,0,0,0,1,0,0,0,0,0,1,0,0,0,0,0,0,0,0,0,0,0,0,0,0,0,0,0,1,0,0,0,0,0,0,0,0,0,0,1,0,0,0,0,0,0,0,0,0,0,0,0,0,0,0,0,1,0,0,0,0,0,0,1,0,0,0,0,0,0,1,0,0,0,1,0,0,0,0,0,0,0,0,0,1,0,0,0,0,0,0,0,0,0
"E9aJ5_C",17,0,0,0,0,0,0,1,0,0,0,0,0,0,0,0,0,0,2626,217,167,358,28,4,15,99,125,3,24,78,131,4,16,33,13,36,75,11,0,1,18,48,5,22,9,48,0,1,11,1,2,13,15,1,0,27,1,0,4,9,5,4,2,2,0,4,0,8,12,18,44,8,5,3,6,9,9,1,2,12,12,0,3,0,0,4,0,0,4,0,0,3,2,11,7,0,1,10,2,5,0,0,0,8,0,4,1,0,8,5,1,4,0,4,4,1,1,0,0,5,0,0,3,2,0,0,3,0,7,0,0,0,0,9,1,1,14,0,0,1,0,0,2,1,0,1,0,0,2,0,1,0,1,0,0,0,0,4,0,0,0,0,0,0,0,0,0,0,1,0,0,0,0,2,3,0,0,2,1,4,0,0,0,0,1,0,0,0,0,0,2,1,0,4,0,0,0,0,0,0,0,0,0,0,1,1,0,0,0,0,0,0,0,0,0,0,1,0,0,0,0,1,0,0,1,0,0,0,1,1,0,1,0,0,0,0,1,1,2,0,1,0,0,1,0,1,0,1,0,0,0,0,0,0,0,1,0,1,1,0,5,0,1,0,0,2,0,1,0,0,0,0,0,0,0,0,0,0,0,0,0,0,0,0,1,0,0,0,0,0,0,0,0,0,0,0,3,1,0,0,0,1,0,0,0,0,0,0,0,0,0,0,0,0,0,0,0,0,0,0,0,0,0,0,0,0,0,0,0,0,0,0,1,0,1,0,0,0,0,0,0,0,1,0,0,1,0,0,0,0,0,0,0,1,1,0,0,0,0,0,1,0,0,0,1,0,0,0,0,1,0,0,0,2,0,0,0,1,0,1,0,0,0,0,0,0,1,0,1,0,0,0,0,0,0,1,0,0,0,1,0,0,0,1,0,0,0,0,1,0,0,0,0,0,0,0,0,0,0,0,0,0,0,0,0,0,0,0,0,0,0,0,0,0,0,0,0,0,0,0,0,0,0,0,0,0,0,1,0,0,0,0,0,0,0,0,0,1,0,0,0,0,0,0,0,0,0,0,1,0,0,0,0,0,0,0,0,0,0,0,0,0,0,0,0,0,0,1,0,0,0,0,0,0,0,0,0,0,0,0,0,0,0,0,1,0,0,0,0,0,0,0,0,0,0,0,0,0,0,0,0,0,0,0,0,0,0,0,0,0,0,0,0,0,0,0,0,0,0,1,0,0,0,0,0,0,0,0,0,0,0,1,0,0,0,0,0,1,0,0,0,0,0,0,0,0,0
"E9aJ40_C",71,0,4,0,1,0,0,1,0,0,0,0,0,0,0,0,0,0,3292,447,768,490,417,0,3,77,780,25,74,134,232,11,15,16,29,98,50,15,3,0,48,15,3,37,13,61,0,2,32,17,14,20,111,7,1,64,8,5,1,3,12,1,1,9,0,14,49,23,12,1,49,13,15,14,5,4,3,0,5,1,1,0,4,1,2,16,0,0,17,1,1,3,2,9,11,595,0,21,0,15,0,2,0,22,3,7,2,0,3,3,3,4,0,15,18,1,4,0,0,12,0,0,2,6,0,1,1,3,0,5,0,0,0,5,1,5,34,0,0,8,1,0,1,1,3,1,0,7,1,0,1,4,1,0,0,0,2,2,0,0,4,0,3,2,0,1,0,0,0,1,0,3,0,0,3,0,0,3,3,1,0,0,1,0,0,0,0,3,3,0,3,1,3,3,2,5,0,0,0,0,0,3,2,0,0,0,0,1,0,0,0,0,0,0,1,1,1,1,0,0,0,0,0,0,1,0,0,0,0,0,0,3,3,0,0,1,1,4,0,0,0,0,0,3,0,1,0,0,0,0,1,0,0,0,0,0,0,0,1,0,30,0,0,1,2,2,0,4,2,0,0,0,0,1,0,1,2,0,0,0,0,0,0,0,2,0,0,0,0,0,0,1,0,0,0,0,1,0,0,0,0,0,0,0,0,0,0,0,1,2,0,2,0,0,0,0,0,0,1,0,0,0,0,0,0,0,0,0,0,0,1,0,1,0,0,0,0,0,0,0,1,0,1,0,0,0,0,1,0,0,0,0,0,3,0,2,0,1,1,0,0,0,0,0,0,0,0,0,0,0,1,1,0,3,0,0,0,0,0,2,0,0,0,0,1,0,2,0,0,0,0,0,0,0,0,0,1,0,0,0,1,0,0,0,0,0,0,0,1,0,0,1,0,0,0,0,0,0,0,0,1,0,0,0,0,0,0,0,0,0,0,0,1,0,0,0,0,0,0,0,0,0,0,0,0,0,0,1,0,0,0,0,0,0,0,0,0,1,0,0,0,0,0,0,0,1,0,1,0,0,0,0,0,0,0,0,0,0,0,1,0,0,0,0,0,11,1,0,2,0,0,0,0,0,0,0,0,0,0,0,0,1,0,0,2,1,0,0,0,0,0,0,0,0,0,0,0,0,0,0,0,0,0,1,0,0,0,0,0,0,0,0,0,0,0,0,0,0,0,0,0,0,0,1,0,0,0,0,0,0,0,0,0,1,0,0,0,0,0,1,0,0,0,0,0,0,0
"E1cJ5_D",8,7,1,1,1,0,0,0,0,0,0,0,0,0,0,0,0,0,3574,297,164,139,46,723,66,159,77,67,65,81,107,7,9,294,58,29,105,10,19,6,120,98,11,46,137,83,0,8,14,6,1,26,5,2,0,28,9,6,9,16,13,38,28,101,0,18,1,12,36,34,18,29,9,4,17,13,36,26,3,22,16,0,6,13,1,6,0,0,2,1,0,13,2,12,9,0,2,5,3,4,0,7,0,6,2,3,1,54,13,5,10,1,0,10,8,7,0,1,0,4,1,5,11,5,0,2,2,3,2,0,3,0,1,4,3,1,0,1,0,0,1,0,4,2,0,1,0,0,1,1,0,1,1,0,3,2,0,0,0,4,0,0,0,0,0,1,2,0,2,3,0,0,0,0,0,1,0,0,0,2,0,0,1,1,2,0,0,0,0,1,2,0,1,1,0,1,0,0,1,0,0,0,0,2,2,0,0,0,0,0,1,0,0,0,0,0,2,4,0,0,0,0,1,0,0,0,0,0,2,0,0,0,1,0,1,0,0,1,2,0,0,0,1,1,1,0,0,0,0,0,0,1,0,1,0,1,1,0,0,0,0,0,1,0,0,0,0,0,1,0,0,2,0,0,0,0,1,0,0,0,0,0,0,0,0,0,0,0,0,0,0,0,0,0,2,0,1,1,1,1,0,1,0,0,0,0,1,0,1,0,1,0,0,0,0,0,0,0,0,0,0,2,2,0,0,0,0,0,0,0,2,0,0,0,0,0,0,1,0,1,0,0,0,0,0,1,0,0,0,0,0,0,0,0,0,0,0,1,0,0,1,0,0,0,0,0,0,0,0,1,0,0,0,0,0,0,0,0,1,0,0,0,0,0,0,1,0,0,0,0,0,0,0,0,0,0,0,0,0,0,0,0,0,0,0,0,0,0,0,0,0,0,0,0,0,0,1,0,0,0,0,0,0,1,0,0,0,0,0,0,1,0,0,2,0,0,0,0,0,0,0,0,1,0,0,0,0,0,0,0,0,0,0,0,0,0,1,0,0,0,1,0,0,0,0,0,0,0,0,0,0,0,0,0,0,0,0,0,0,0,0,0,0,0,0,0,0,0,0,0,0,0,0,0,0,1,0,0,0,0,0,0,0,0,1,0,0,0,0,0,0,0,0,0,0,0,0,0,1,0,0,1,0,0,0,0,1,0,0,0,0,0,0,1,0,0,0,0,0,0,0,0,0,0,0,0,0,0,0,1,0,0,0,0,0,1,0,0,0,0,0,0,0,0,0,0,0
"E1cJ16_D",33,5,4,13,3,0,1,0,2,0,0,1,0,0,0,0,0,0,2683,671,254,245,72,455,181,144,102,67,42,101,97,36,33,437,92,26,119,36,14,47,217,11,45,58,150,91,0,17,23,7,4,45,3,1,7,34,17,8,32,24,12,47,16,71,3,20,2,16,24,23,14,57,6,11,23,20,42,22,1,26,23,0,4,25,3,9,0,0,6,0,0,11,0,5,1,0,7,6,0,5,4,22,0,5,1,4,15,10,5,8,9,1,0,10,1,7,3,2,0,3,0,77,0,5,0,13,5,9,5,1,7,5,2,10,0,3,0,2,0,0,2,0,3,4,0,0,0,0,4,1,0,3,0,2,5,0,0,1,0,2,0,0,2,0,0,0,1,0,3,1,0,1,1,0,1,0,0,1,0,0,0,0,1,2,1,0,1,2,0,0,2,0,0,1,0,0,0,0,0,0,0,4,0,2,1,2,0,1,0,0,0,1,0,0,0,0,1,0,1,0,0,0,1,1,0,1,1,1,2,0,0,1,2,1,0,2,1,1,2,0,1,1,0,2,1,0,0,0,1,2,1,0,0,1,0,0,0,3,3,0,1,1,2,4,0,0,1,2,1,0,0,0,0,0,0,0,0,1,0,0,1,1,0,1,0,0,1,0,0,0,0,0,1,0,1,0,0,0,1,1,0,2,0,0,0,0,1,0,0,1,1,0,0,1,0,0,0,0,1,0,2,1,1,0,2,0,0,0,0,0,2,0,1,0,1,0,2,0,1,0,0,0,0,0,0,0,0,0,0,0,1,1,0,0,0,0,0,1,1,0,0,0,0,0,0,0,1,0,0,0,0,0,0,0,0,0,0,0,0,0,0,0,0,0,0,0,0,0,0,0,0,0,0,0,0,1,0,1,0,1,2,0,0,0,1,0,0,1,0,0,0,1,0,0,0,0,4,0,0,0,1,0,0,0,0,0,0,0,0,0,1,1,0,0,0,0,0,1,0,0,0,0,1,0,0,1,0,0,0,0,0,0,0,0,0,0,0,0,0,0,0,0,0,0,0,0,0,0,0,0,1,0,0,0,0,0,0,0,0,0,0,0,0,0,0,0,0,1,0,0,0,0,0,0,0,0,1,0,0,0,0,1,0,0,0,0,0,0,0,0,0,0,0,0,0,0,0,0,1,0,0,0,0,0,0,0,0,0,1,0,0,0,0,0,0,0,0,0,0,1,0,0,0,1,0,1,2,0,0,0,0,0,0,0,0,0,1,0,1,0,0,0,0,0,0,0,1
"E1cJ40_D",86,9,10,31,4,0,5,1,1,3,0,0,0,2,0,0,0,0,4118,1880,449,299,388,306,453,60,177,102,86,151,236,266,64,21,140,66,54,194,7,237,129,19,90,178,181,25,0,51,26,14,2,92,22,23,39,73,11,26,63,38,17,32,1,9,78,48,4,38,71,28,21,37,38,15,40,17,35,23,22,15,53,48,5,15,2,17,0,0,25,3,0,42,15,7,12,0,29,6,0,14,1,51,4,7,3,8,0,1,4,21,13,10,0,7,4,12,14,2,9,0,0,2,5,3,0,0,11,10,5,0,0,10,3,4,0,0,0,0,24,0,1,3,1,2,0,9,0,0,5,13,0,8,1,22,5,0,0,1,1,0,0,2,5,5,0,1,5,1,4,2,0,3,0,1,1,1,0,3,2,1,0,0,0,0,1,0,16,1,3,3,12,6,2,7,0,0,0,0,1,1,0,8,0,0,1,0,3,0,0,0,1,2,11,2,5,0,2,7,2,1,0,0,0,2,0,2,1,0,4,0,0,0,0,3,0,12,0,1,2,0,2,2,3,0,0,0,0,0,0,7,0,4,1,4,1,1,0,5,0,1,0,0,2,0,0,0,0,0,0,1,3,3,1,1,0,0,1,6,0,2,1,6,0,2,1,0,0,0,0,1,0,0,2,5,3,1,0,0,3,0,0,0,5,0,0,1,0,0,2,0,0,3,0,0,1,0,0,0,1,1,0,0,1,0,0,2,0,0,3,1,0,0,1,0,0,0,1,2,0,2,0,0,0,2,0,0,0,0,1,0,1,0,0,0,1,2,6,1,0,0,1,0,0,0,2,0,2,0,2,0,1,1,1,0,1,0,0,0,0,0,0,0,0,1,0,0,0,0,0,0,0,0,0,0,0,0,0,0,0,1,0,1,0,0,0,1,3,0,3,0,0,1,1,0,1,0,0,1,0,0,0,0,0,0,0,0,0,0,0,0,0,0,0,0,2,0,0,0,1,1,0,0,0,0,0,0,0,2,0,0,0,0,0,0,0,0,0,0,0,0,0,0,0,0,2,0,0,0,0,0,0,0,0,0,0,0,0,0,0,0,0,0,0,1,0,0,1,0,0,0,0,0,0,0,0,0,0,0,1,0,0,0,0,0,0,0,0,0,0,0,0,0,0,0,1,0,0,0,0,0,0,0,0,0,0,0,0,0,0,0,0,0,0,0,0,0,0,0,1,0,0,0,0,1,0,1,1,0,1,1,0,0,0,0,0,0,0,0,1,0,0,0,0,0,0,0,0
"E5aJ5_D",20,7,2,2,0,0,0,0,0,0,0,0,0,0,0,0,0,0,2550,177,79,73,39,500,43,86,88,67,41,70,68,9,9,167,32,28,56,10,19,8,56,47,12,10,84,38,0,6,7,4,0,26,4,4,2,19,5,4,10,6,6,34,12,56,0,11,0,7,2,26,18,17,10,6,10,8,27,21,1,18,17,0,7,3,0,4,0,0,9,0,0,6,0,8,2,0,2,6,3,2,1,2,0,3,1,3,6,15,11,15,5,0,0,5,1,4,1,0,0,3,0,2,1,1,0,3,5,4,3,0,2,0,0,1,1,0,0,2,0,0,0,0,5,0,0,1,0,0,0,1,1,1,1,1,2,1,0,1,0,4,0,0,0,1,0,0,0,2,3,2,0,0,0,0,0,0,0,1,0,0,0,0,0,0,0,0,0,1,1,1,3,0,1,1,0,1,0,0,0,0,0,2,0,0,1,0,0,0,0,0,0,0,0,0,0,0,0,0,0,0,0,0,0,0,0,0,0,0,2,0,0,1,1,0,1,0,0,0,4,0,0,0,0,1,0,1,0,0,0,0,0,0,1,2,0,0,0,2,2,0,0,0,0,0,0,0,0,0,0,0,0,0,0,0,0,0,0,1,0,0,1,0,0,0,0,0,0,0,0,0,1,1,0,0,1,0,0,5,1,0,1,1,1,0,0,0,0,0,0,1,0,0,0,0,0,0,0,0,0,0,0,0,0,0,0,0,0,0,0,0,1,0,0,1,0,0,1,0,0,0,0,0,0,0,0,0,0,0,0,0,0,0,0,0,0,0,0,0,0,0,0,0,0,0,0,0,0,0,0,0,0,0,0,0,0,0,0,0,0,1,0,0,0,0,0,0,0,0,0,0,0,0,0,0,0,0,0,0,1,1,0,0,0,0,0,1,0,0,1,0,0,0,0,0,0,0,1,1,0,0,0,0,0,0,0,0,0,0,0,0,0,0,0,0,0,0,0,0,0,0,0,0,2,0,0,0,0,0,0,0,0,0,0,0,0,1,1,0,0,0,0,0,0,0,0,0,0,1,0,0,0,0,0,0,0,0,0,0,0,0,0,0,0,0,0,0,0,0,0,0,0,0,0,0,0,0,0,0,0,0,0,0,0,0,0,0,0,0,0,0,0,0,0,0,0,0,0,1,0,0,0,0,0,0,1,0,1,0,0,0,0,0,0,0,0,0,0,0,0,0,0,0,0,1,0,0,0,0,0,0,0,0,0,0,0,0,0,0,0,0,0,0,0,0,0,0,0
"E6aJ54_D",116,23,25,52,12,0,10,3,8,6,5,0,1,0,1,0,0,0,4169,674,752,342,321,7,506,126,183,600,183,251,184,627,43,13,145,90,66,135,0,292,36,6,148,52,57,24,0,62,146,39,25,83,33,43,86,105,7,28,105,63,14,3,2,9,113,72,3,43,40,8,22,28,14,25,17,33,4,0,21,2,31,66,7,89,8,6,0,0,13,10,0,32,29,3,16,0,57,16,0,17,1,4,149,7,5,8,0,0,0,9,4,21,0,3,5,6,25,1,18,2,0,2,3,2,4,0,11,5,4,0,17,13,14,2,4,0,0,11,28,0,3,1,2,2,1,3,0,0,5,54,0,1,1,6,2,0,0,3,0,4,0,4,5,11,0,0,5,3,5,14,0,2,0,1,5,0,0,5,1,0,0,0,0,1,2,0,6,1,4,0,6,2,10,3,3,0,3,1,1,0,0,9,1,1,2,0,0,2,1,0,0,1,1,3,3,0,4,2,3,0,4,0,1,6,0,0,3,1,2,0,2,0,0,2,0,0,2,2,0,1,3,0,0,1,1,1,0,1,3,10,1,6,1,0,2,0,0,1,1,0,0,0,6,6,3,0,0,2,3,0,2,1,2,1,0,0,2,3,2,3,4,1,2,1,1,0,0,0,1,1,0,0,1,1,4,1,0,3,0,0,0,0,0,1,0,2,0,0,2,1,1,2,0,1,0,0,0,0,0,0,0,0,0,0,0,0,0,0,2,0,2,0,1,0,0,0,0,0,0,1,0,1,1,0,0,0,0,0,1,0,4,0,0,0,0,0,1,0,0,0,1,0,0,0,0,0,2,0,0,0,0,1,1,0,3,0,0,1,4,0,0,1,1,1,0,1,3,0,0,0,0,0,0,1,0,1,0,0,0,0,2,0,0,1,0,1,5,0,1,0,0,1,4,0,0,0,0,1,0,1,0,0,1,1,1,0,1,0,0,0,0,0,0,0,0,0,0,0,0,1,0,0,0,0,0,0,0,0,0,0,0,0,0,0,0,1,0,0,0,0,0,0,0,0,1,0,0,1,1,0,0,0,0,0,1,0,1,0,0,0,0,0,0,0,0,0,1,0,1,0,0,0,0,0,0,0,0,0,0,0,0,0,1,0,0,0,0,1,0,0,0,0,0,0,0,0,0,0,0,0,1,0,0,2,0,0,0,0,0,0,0,0,0,0,1,0,0,1,0,0,0,0,1,1,0,1,0,0,0,4,0,0,0,0,0,0,0,2,0,0,0,0,0,0,0,0,0
"E6bJ16_D",52,7,3,11,9,0,4,2,2,1,1,0,0,0,1,0,0,0,2451,248,234,222,102,741,104,160,103,366,63,125,113,33,30,129,95,64,90,34,29,44,114,12,27,34,46,37,0,6,87,8,1,68,7,6,7,31,12,7,9,18,9,41,11,47,1,30,1,22,19,16,31,31,9,4,11,18,26,59,1,26,26,0,10,31,0,9,0,0,3,0,0,8,2,8,7,0,2,4,3,7,1,1,0,8,1,8,3,7,7,9,7,2,0,4,5,9,5,0,0,6,1,5,5,2,0,13,1,7,6,0,2,5,9,9,1,2,0,3,0,0,1,0,4,2,0,0,0,1,4,1,1,2,4,5,4,0,0,2,0,1,0,1,1,1,0,0,0,2,1,0,0,2,3,0,3,0,0,4,0,1,0,0,0,0,1,1,1,2,2,0,5,2,1,1,1,3,0,0,0,0,0,3,0,2,0,2,0,0,0,0,0,2,0,1,4,0,0,3,1,0,0,0,0,0,0,0,1,0,1,0,0,0,0,1,1,0,0,0,0,0,0,0,0,0,0,1,0,1,0,1,1,0,1,0,0,0,0,1,0,0,0,0,0,0,2,0,0,1,2,0,0,2,3,0,0,2,0,1,0,1,3,0,0,0,0,0,0,0,0,0,1,0,0,0,1,0,1,0,0,1,0,1,1,0,0,1,4,0,0,0,0,0,0,0,0,0,1,0,0,0,1,0,0,0,1,0,0,0,0,0,1,0,0,0,0,1,1,0,1,2,0,0,0,0,0,0,0,0,0,0,1,0,0,0,0,0,0,1,0,0,0,0,1,1,0,0,0,0,0,1,1,0,0,0,0,0,1,1,0,0,1,0,1,1,0,1,0,0,0,0,0,0,0,0,0,0,0,0,1,0,0,0,0,0,1,0,0,0,0,0,0,1,0,0,0,0,0,0,0,0,0,0,0,0,1,0,0,0,0,0,0,0,0,0,0,0,1,0,0,0,0,0,0,0,0,0,0,0,0,0,0,0,0,0,0,0,3,0,0,0,0,0,0,0,0,0,0,0,1,0,0,0,0,0,0,0,0,1,0,0,1,0,0,0,0,0,0,1,0,0,0,0,0,0,0,0,1,0,0,0,0,0,0,0,0,0,0,1,0,0,0,0,0,0,0,0,1,0,0,0,0,0,0,0,1,0,0,0,0,0,0,0,0,0,0,0,0,0,0,0,0,0,0,1,0,0,1,0,0,0,1,0,0,0,0,0,0,0,0,0,0,0,0,0,1,0,0
"E6bJ40_D",43,3,10,13,5,0,3,4,3,0,1,0,0,0,0,0,0,0,2104,339,305,272,301,438,249,56,128,322,80,137,123,167,37,5,97,39,40,101,14,107,49,50,55,35,29,37,0,32,124,10,45,52,15,16,30,51,26,9,43,32,13,31,7,11,15,28,2,12,45,8,21,30,4,6,6,32,9,8,11,10,6,17,5,50,3,11,0,0,4,2,0,18,4,10,4,0,15,5,0,13,1,5,17,5,4,1,0,4,2,6,17,2,1,10,3,12,7,0,1,3,0,5,5,2,1,0,6,3,1,3,11,4,4,1,1,5,0,3,1,0,2,1,1,5,2,1,0,0,0,11,3,4,1,9,2,0,0,2,0,3,0,1,0,1,0,1,2,1,2,0,0,2,1,0,2,0,0,1,2,1,0,0,2,0,5,0,1,1,3,3,2,2,1,1,1,0,1,0,0,1,0,2,1,1,1,1,0,0,0,0,0,1,1,1,1,0,0,2,0,0,1,0,1,2,0,0,1,0,1,0,0,0,0,2,1,0,1,2,0,0,0,0,0,0,0,0,0,0,3,9,0,0,4,0,0,0,0,0,0,1,0,0,2,1,1,0,0,3,0,0,0,3,4,1,0,0,0,0,2,1,2,0,0,1,0,0,1,0,0,0,0,0,1,1,2,1,1,0,1,4,0,0,0,0,1,0,0,0,0,0,3,1,0,1,0,0,1,0,1,1,0,3,0,0,0,0,0,0,0,0,1,0,0,1,1,0,0,0,0,0,0,0,1,0,0,0,0,1,0,0,0,0,0,0,1,1,1,0,0,0,0,0,0,0,0,0,2,0,1,0,0,0,1,1,0,0,0,0,0,0,0,0,0,0,0,0,0,0,0,0,0,0,0,0,1,0,0,0,0,0,0,0,1,0,0,2,0,0,0,0,0,0,0,0,0,0,2,1,0,0,0,0,1,0,1,0,0,0,0,0,0,1,0,0,0,0,1,0,0,1,0,0,0,0,0,0,0,1,0,0,0,0,0,0,1,0,0,0,0,0,0,0,0,0,0,0,0,0,0,2,1,1,0,0,0,0,0,0,1,0,0,0,0,0,0,0,0,0,0,0,0,0,0,0,0,1,0,0,0,0,0,1,0,0,0,0,0,0,0,0,0,0,0,0,0,0,0,0,0,0,0,1,0,0,0,0,0,0,0,0,0,0,0,0,1,0,0,0,0,0,1,0,0,0,0,0,0,0,0,0,0,1,0,0,1,0,0,0,0,0,0,0,0,0,0,0,0
"E6bJ54_D",51,15,6,18,4,0,4,0,3,4,1,0,0,1,0,0,0,0,2182,377,319,191,142,2,205,88,123,271,62,145,110,219,29,13,66,56,27,68,0,116,29,6,82,39,24,27,0,35,89,18,20,59,13,13,44,54,2,15,72,28,7,7,4,3,47,31,2,13,20,9,12,18,21,19,11,19,5,0,10,2,16,20,3,44,14,5,0,0,6,3,0,21,6,1,3,0,19,8,0,6,3,1,75,5,5,5,0,0,0,5,4,10,0,0,0,6,13,7,3,0,0,1,1,1,0,0,7,7,2,0,9,4,7,2,1,0,0,4,15,0,0,0,1,3,0,4,0,0,2,19,0,2,0,2,1,0,0,3,0,0,0,2,1,2,0,0,2,1,1,9,0,1,0,1,3,0,0,2,2,0,0,0,3,0,2,0,3,2,2,3,2,2,4,3,1,0,2,0,1,1,1,2,0,1,1,2,0,0,2,0,0,2,0,3,0,0,1,3,0,0,1,0,0,1,0,0,2,1,1,0,2,0,0,2,2,0,2,1,1,0,0,0,0,1,0,1,0,1,3,5,0,0,2,0,1,0,0,0,1,0,0,0,3,0,1,0,1,1,0,0,0,0,0,0,0,1,0,1,1,0,2,2,0,0,1,0,0,0,1,0,0,0,2,1,1,0,0,0,1,0,1,0,1,0,0,0,0,0,0,0,0,3,0,1,0,0,0,0,1,1,0,0,0,0,1,2,0,0,1,0,0,0,0,0,0,1,0,1,0,0,0,0,0,2,0,0,0,0,0,0,3,1,1,0,0,0,1,0,0,0,0,0,0,0,0,0,1,0,0,0,0,0,0,0,2,0,0,0,0,0,1,0,0,0,0,0,0,0,0,0,0,0,0,0,0,0,0,0,0,0,0,0,0,1,0,1,1,0,1,0,0,0,2,0,0,0,0,0,0,0,0,0,0,0,0,0,0,0,0,0,0,0,0,0,0,0,0,0,0,0,0,0,0,0,0,0,0,0,0,0,0,0,0,0,0,0,0,0,0,0,2,0,0,0,0,0,0,0,0,1,0,0,0,0,0,0,1,0,0,0,0,0,0,0,0,0,0,0,0,0,0,0,0,0,0,0,2,0,0,0,0,0,0,0,0,0,0,0,0,0,0,0,1,0,0,0,0,0,0,0,0,0,0,0,0,0,0,0,0,0,0,0,0,0,0,0,0,0,0,0,0,0,0,0,0,0,0,0,0,0,0,0,0,0,0,0,0,0,1,0,0,0,0,0,0,0,0
"E7aJ40_D",70,16,16,16,8,1,6,3,4,1,0,0,0,0,0,0,0,0,3347,367,648,547,607,434,145,186,170,708,167,427,133,86,68,8,126,118,89,55,97,70,31,78,44,32,16,56,0,1,65,36,25,28,23,20,19,73,40,20,27,41,14,10,74,13,51,65,3,32,22,9,27,26,12,11,12,34,8,4,5,9,6,0,12,6,1,19,1,0,7,3,0,10,6,8,9,0,9,10,2,11,17,6,0,17,3,10,0,1,5,4,13,7,0,8,7,10,3,0,3,6,2,0,5,5,0,0,4,1,1,2,2,6,4,4,3,8,0,3,0,1,1,1,2,2,8,1,0,0,8,0,1,3,4,0,1,1,0,5,2,8,0,0,8,2,0,0,1,14,2,0,0,1,2,0,3,0,0,2,2,2,0,0,9,0,5,0,1,1,6,5,0,0,1,6,1,0,2,0,0,1,0,3,0,1,1,3,1,0,0,0,0,2,0,1,1,0,1,0,0,0,3,0,2,3,0,0,1,0,4,0,0,0,0,1,0,1,0,2,0,2,1,0,2,0,1,2,0,5,2,1,1,0,2,2,0,0,0,1,1,0,1,0,2,2,0,0,1,2,1,0,0,0,0,0,0,2,1,0,0,1,1,0,0,0,0,0,0,2,0,1,0,0,1,0,1,0,1,0,1,1,0,1,0,1,0,0,0,0,0,1,2,0,1,1,1,0,2,0,0,0,0,1,0,0,1,0,0,0,0,2,2,0,0,1,0,0,0,0,0,0,0,0,1,0,0,0,0,1,0,0,0,0,0,1,0,0,0,0,0,1,0,0,0,1,0,0,0,0,2,0,0,0,0,0,0,0,0,0,0,1,0,0,0,0,0,0,0,1,1,0,0,0,0,0,0,0,0,0,4,0,1,0,0,0,0,0,0,0,0,0,0,0,0,0,0,0,4,0,0,0,1,0,0,1,0,0,0,0,0,0,0,1,0,1,0,0,0,0,0,1,0,0,0,0,0,1,0,0,0,0,0,1,3,0,0,0,0,0,0,0,0,0,0,0,1,0,0,0,0,0,0,0,0,0,0,0,0,0,0,0,0,0,0,1,1,0,0,0,0,0,1,0,2,0,0,0,0,0,0,0,0,1,0,0,1,0,0,0,0,0,0,0,0,0,0,0,0,0,0,0,0,0,1,0,0,0,0,0,0,1,1,1,0,0,1,0,0,0,0,0,2,0,1,2,0,0,1,0,0,0,0,2,0,0,0,0,0,0,1,0,0,0,0,0,0,0,0
"E7aJ54_D",45,1,8,4,1,0,2,3,0,0,1,0,0,0,0,0,0,0,1841,248,297,200,301,26,78,28,71,376,54,363,127,61,47,7,52,68,30,55,4,54,5,9,55,17,7,18,0,13,34,12,41,22,11,9,25,46,42,18,16,20,6,5,32,0,12,37,1,11,18,2,21,12,2,7,4,14,0,8,5,2,3,3,6,2,6,7,0,1,4,5,0,4,9,1,7,0,2,7,2,7,18,2,0,4,7,3,0,0,3,4,6,2,0,4,8,5,2,1,7,0,0,0,0,1,2,0,1,3,0,1,0,4,3,2,0,1,0,1,0,0,0,0,1,2,3,2,0,2,2,1,0,1,0,0,2,0,0,2,0,1,2,1,2,0,0,0,0,0,0,0,0,0,0,0,1,1,0,1,0,0,0,0,0,4,0,0,0,0,0,3,0,3,1,1,2,0,6,0,0,1,0,0,0,1,0,1,0,0,0,0,0,0,0,0,2,0,3,0,0,0,0,0,0,1,0,0,0,0,0,0,0,0,1,1,0,0,0,1,2,0,2,2,0,1,0,1,0,0,1,1,0,2,0,1,0,0,0,0,0,0,0,0,1,0,0,0,0,1,0,0,0,1,1,0,0,0,1,0,1,0,0,0,0,0,0,0,0,0,0,0,0,0,0,0,1,0,0,0,1,0,2,0,1,0,1,0,0,0,1,0,0,0,1,0,0,0,0,0,0,0,0,0,0,0,0,0,0,0,0,0,0,0,1,0,0,0,1,0,0,0,0,1,0,0,0,0,0,0,0,0,0,0,0,0,0,0,0,0,0,1,0,0,0,0,0,0,1,0,0,0,0,0,0,0,0,0,1,0,0,0,0,0,0,0,0,0,0,0,0,0,0,0,0,1,0,2,0,0,0,0,0,0,0,0,0,0,0,0,0,1,0,0,0,0,0,0,0,0,0,0,1,1,0,0,0,0,1,0,0,0,0,0,0,0,1,0,0,0,0,0,0,0,0,0,0,0,0,0,0,1,0,0,0,0,0,0,0,0,0,0,0,0,0,0,0,0,0,0,0,0,0,0,0,0,0,0,0,0,0,0,0,0,0,0,0,0,0,0,0,0,0,0,0,0,0,0,1,0,0,0,0,0,0,0,0,0,1,0,0,0,0,0,0,0,0,0,0,0,1,0,1,0,0,0,0,0,0,0,0,0,0,1,0,0,0,0,0,0,0,0,0,0,0,0,0,0,0,0,0,0,0,0,0,0,0,0,0,0,0,0,0,0,0,0,0,0,0
"E7aJ96_D",673,12,13,3,9,0,0,7,2,1,0,0,1,0,1,0,0,0,3171,628,670,189,401,0,225,270,191,250,142,522,306,398,106,75,119,80,197,228,1,79,1,5,99,24,9,16,0,452,106,49,111,40,32,78,159,176,130,63,8,33,59,2,179,6,5,42,36,43,154,0,15,5,5,73,6,21,1,4,61,2,1,95,5,1,68,4,0,0,68,60,0,15,14,3,18,0,20,8,0,24,95,1,16,8,13,11,0,2,10,4,8,31,0,4,18,9,2,95,13,0,0,0,9,3,27,0,3,1,1,1,0,7,9,4,2,25,0,1,0,2,1,3,9,8,0,11,0,2,1,5,13,9,1,0,3,0,0,6,0,0,0,13,1,32,0,1,7,3,0,2,0,4,0,10,5,3,0,0,4,1,0,0,0,0,1,0,1,5,20,4,3,3,0,5,3,0,10,0,0,0,9,2,1,2,2,6,0,1,59,0,3,3,0,4,0,0,2,4,0,2,0,0,2,2,0,3,1,0,2,0,1,0,0,2,0,0,2,3,3,0,0,3,1,0,5,5,0,0,0,4,0,1,1,2,11,2,0,4,0,2,0,0,3,0,1,0,5,0,1,0,1,0,0,1,0,1,2,0,9,2,3,0,11,4,3,0,0,0,0,5,0,0,1,1,5,1,0,2,0,0,4,0,2,0,1,2,0,0,0,2,0,1,0,0,1,0,0,0,0,2,0,0,0,0,1,1,0,0,0,0,2,0,0,0,0,1,0,1,2,0,0,2,3,2,0,0,0,0,0,0,4,0,2,0,0,1,0,0,1,0,3,0,2,0,0,0,0,0,0,0,3,0,0,0,0,1,0,0,6,0,0,0,0,1,1,1,0,0,0,0,0,0,0,2,1,0,0,0,0,0,1,1,0,0,1,1,0,0,2,0,0,0,7,0,0,0,0,0,0,0,4,1,0,0,0,0,0,0,0,0,0,0,1,0,0,1,0,0,0,0,0,0,0,0,0,0,0,0,0,0,2,0,0,1,0,0,0,0,0,0,0,1,0,0,1,0,0,0,1,0,0,0,0,0,1,0,0,0,0,0,0,0,0,0,0,0,0,0,0,0,0,3,0,0,0,0,2,0,0,0,0,2,0,0,0,0,0,0,0,0,0,0,0,0,1,0,0,0,0,0,1,0,0,0,0,0,0,0,0,0,0,0,0,0,0,0,1,0,0,1,0,0,0,0,0,0,0,0,0,2,0,0,0,0,0,0,0,0,1,0,0,0,0,0,0,1,0
"E7bJ26_D",19,1,7,11,1,0,0,1,1,0,0,0,0,0,0,0,0,0,1603,177,203,213,113,270,49,129,84,234,54,140,91,7,13,7,33,41,49,26,142,6,22,49,26,16,13,28,0,5,9,12,7,12,7,5,7,22,10,9,6,8,9,9,15,7,26,11,2,11,32,3,18,12,10,4,3,10,4,0,4,3,1,0,3,2,1,10,0,0,2,0,0,3,4,0,2,0,1,3,2,6,11,3,0,8,2,5,0,0,1,3,9,1,0,1,3,5,3,1,0,5,1,0,4,3,0,0,1,3,3,0,1,4,1,6,1,0,0,0,0,0,1,0,3,0,2,3,0,0,2,0,0,5,2,0,2,1,0,1,4,0,0,0,1,0,0,0,1,0,1,0,0,1,4,1,1,0,0,1,1,0,0,0,1,0,0,0,0,1,1,2,0,0,0,3,0,9,0,0,1,0,0,0,0,1,0,1,0,0,0,0,0,0,0,1,0,0,0,0,0,1,2,0,0,0,0,0,0,0,0,0,0,1,0,1,0,0,0,1,0,0,0,0,0,0,0,0,0,0,1,0,1,0,0,0,0,0,0,0,0,2,1,1,0,0,0,0,0,0,0,0,0,0,1,0,0,0,0,0,0,3,0,0,0,1,0,0,0,0,0,0,0,0,0,0,0,0,1,0,0,0,0,0,0,0,0,0,0,0,3,0,1,0,0,0,0,0,0,0,0,0,0,1,0,0,0,0,0,0,0,0,0,0,2,0,1,0,0,0,0,0,0,0,0,0,0,0,0,0,0,0,0,0,0,0,0,0,0,2,0,0,0,0,0,4,0,0,0,0,1,0,0,0,1,1,0,0,0,0,0,1,0,0,0,0,0,0,0,0,1,0,0,0,0,0,0,0,0,0,0,0,0,0,0,0,0,1,0,0,1,0,0,0,0,0,0,0,0,0,0,0,0,0,0,0,0,0,1,0,0,0,0,0,0,1,0,0,0,0,0,0,0,0,0,0,0,0,0,0,0,0,0,0,0,0,0,0,0,0,0,0,0,0,0,0,1,0,0,0,0,1,0,0,0,0,0,0,0,0,0,0,0,0,0,0,0,0,0,0,0,0,0,0,0,1,0,0,0,0,0,0,0,1,0,0,0,0,0,0,0,0,0,0,0,0,0,0,0,0,0,0,0,0,0,0,0,0,0,0,0,0,0,0,0,0,0,0,0,0,0,0,0,0,1,0,0,0,0,0,0,0,0,0,0,0,0,0,0,0,0,0,0,0,0,0,0,0,0
"E7bJ40_D",22,2,2,2,2,0,1,0,0,0,0,0,0,0,0,0,0,0,1533,177,108,90,306,138,37,74,93,269,42,234,63,26,32,2,71,64,31,44,36,26,5,14,35,16,6,14,0,1,24,3,17,19,9,6,7,16,13,5,6,9,6,4,7,1,5,30,0,7,2,2,18,10,11,8,1,10,0,4,2,2,2,0,1,0,0,4,0,0,5,2,0,1,2,2,1,0,5,2,1,6,4,2,0,5,1,4,1,0,0,1,4,3,0,5,5,3,1,2,0,0,0,0,0,2,0,0,0,0,1,0,0,3,1,4,0,1,0,0,0,0,1,0,0,1,4,0,0,0,2,0,0,2,4,0,1,1,1,0,0,2,0,1,1,0,0,0,2,0,0,0,0,1,1,0,1,0,0,0,0,0,0,0,0,0,1,0,0,1,0,1,1,0,1,0,0,0,0,0,0,2,0,1,0,0,1,3,0,0,0,0,0,1,0,2,1,0,0,0,0,0,0,0,0,0,0,0,0,0,0,0,0,0,0,0,0,1,0,0,0,0,0,0,1,0,0,0,0,0,0,0,0,0,0,1,0,0,0,0,0,0,0,0,0,0,0,0,0,0,0,0,0,0,1,0,0,0,0,0,0,0,0,0,1,0,0,0,0,0,0,0,0,0,0,0,0,0,0,0,1,0,1,0,0,0,0,0,0,0,0,0,0,0,0,0,0,0,0,0,0,0,0,0,0,0,0,0,0,0,0,0,0,0,1,0,0,0,1,0,0,0,0,0,0,0,0,0,0,0,0,0,0,0,0,0,0,0,0,1,0,0,0,0,1,0,1,0,0,0,0,0,0,0,0,0,0,0,1,0,0,0,0,0,0,0,0,0,1,0,0,0,0,0,0,0,0,0,0,0,0,2,0,0,0,0,0,0,0,0,0,0,0,0,0,0,0,0,0,0,0,0,1,1,1,0,1,0,0,0,0,0,0,0,0,0,0,0,0,0,0,0,0,0,0,0,0,0,0,0,0,0,0,0,0,0,0,0,0,0,0,0,0,0,0,0,0,0,0,1,0,0,0,0,0,0,0,0,0,0,0,0,0,0,0,0,0,0,0,0,1,0,0,0,0,0,0,0,0,0,0,0,0,0,0,0,0,0,0,1,0,0,0,0,0,0,0,0,0,0,0,0,0,0,0,0,0,0,0,0,0,0,0,1,0,0,0,0,0,0,0,0,0,0,0,0,0,0,0,0,0,0,0,0,0,0,0,0,0,0,0,0,0,0,0,0,0,0,0
"E7bJ54_D",93,5,16,10,5,0,4,4,3,1,0,2,0,0,0,0,0,0,2978,434,573,400,479,96,156,74,133,622,111,596,165,123,53,19,105,103,69,99,13,105,10,17,82,29,21,43,0,120,63,46,76,41,42,39,46,70,66,41,31,44,19,6,111,6,16,60,5,24,38,2,26,20,9,15,3,33,2,11,14,2,2,9,6,11,15,9,0,0,13,22,0,13,21,1,14,0,13,12,4,17,20,2,2,12,6,7,0,1,1,5,9,9,0,3,13,6,3,6,7,0,0,0,1,3,17,0,3,3,1,3,5,9,4,3,5,8,0,4,1,0,7,1,2,2,6,9,0,1,2,5,0,5,1,0,2,0,0,4,1,8,0,3,2,2,0,0,3,14,2,1,0,2,1,0,1,1,0,1,0,1,0,0,5,2,1,0,0,2,2,1,2,1,0,5,5,0,2,0,2,1,0,3,1,1,1,5,0,0,3,0,2,2,0,3,0,0,2,0,0,0,0,0,0,1,0,0,0,0,0,0,3,1,3,1,0,0,0,0,2,0,3,0,2,0,0,0,0,1,2,2,0,0,0,1,0,0,0,2,3,2,0,1,3,0,3,0,0,1,1,0,0,0,0,0,0,0,1,0,3,0,0,0,2,1,1,0,0,0,0,1,0,0,2,2,0,1,0,0,0,1,1,1,1,0,0,0,0,0,1,0,0,0,0,2,1,0,0,0,0,1,0,0,0,0,0,0,0,0,0,1,1,0,1,0,1,1,1,0,0,0,0,0,0,0,0,0,0,1,0,1,0,0,0,3,0,0,0,0,0,1,0,0,1,0,0,0,1,0,2,0,0,0,3,0,1,1,0,0,0,1,0,0,0,0,0,0,0,0,0,0,0,0,0,0,1,1,0,0,0,0,1,0,0,1,0,1,1,0,0,0,0,0,0,0,0,0,0,0,0,1,1,1,0,0,0,0,0,0,0,0,0,0,0,0,0,0,0,0,0,0,0,0,0,1,0,0,0,0,1,1,0,2,0,1,0,0,0,0,0,0,0,0,0,0,1,0,0,0,0,0,0,0,0,0,0,0,0,0,0,0,0,0,0,0,0,0,0,0,0,0,0,0,0,0,0,0,0,0,0,0,0,1,0,0,0,0,0,0,0,0,0,0,0,0,0,0,0,0,0,0,0,0,1,1,0,0,0,0,0,1,0,0,0,0,1,1,1,1,0,0,1,0,1,1,0,0,0,0,0,1,0,0,0,0,0,0,0,0,0,0,0,0,0,0,0,0,0
"E7bJ69_D",56,3,3,11,10,0,1,6,6,7,4,0,0,0,0,0,0,0,2016,236,315,162,301,5,165,35,101,487,72,326,55,123,35,6,30,47,25,46,1,51,4,1,69,15,11,14,0,262,40,30,36,32,15,14,62,51,30,26,20,26,4,2,39,2,9,20,2,9,5,0,15,2,3,19,2,11,2,7,8,2,6,13,2,1,8,3,0,0,4,2,0,4,7,1,4,0,11,7,0,3,14,4,0,6,3,7,2,0,4,1,3,2,0,1,1,3,0,11,7,1,0,0,1,1,13,0,2,3,0,1,2,1,3,0,1,1,0,3,0,0,1,0,2,2,0,0,0,0,1,1,2,0,2,0,0,0,0,1,0,1,1,4,1,11,0,1,1,4,1,2,0,1,0,0,0,1,0,0,0,0,0,0,1,0,1,0,0,0,0,0,1,1,2,0,2,0,2,0,0,3,6,0,0,0,1,4,0,0,6,0,0,2,0,2,1,0,1,1,0,0,2,0,1,4,0,1,2,0,0,0,2,0,3,1,0,0,1,2,2,0,1,0,0,0,0,1,0,0,2,0,1,1,0,0,0,1,0,1,0,1,0,0,2,0,0,0,1,0,0,0,0,0,0,2,0,0,0,1,2,0,0,1,0,1,0,0,0,0,0,0,0,0,0,0,0,0,0,0,0,0,0,0,0,0,1,0,0,0,0,0,0,1,0,0,0,0,0,0,0,0,0,0,1,0,0,0,0,0,0,0,0,0,0,1,0,0,0,0,2,0,0,0,0,1,0,0,0,1,0,1,0,0,0,0,0,0,0,1,0,0,0,0,1,0,0,0,0,0,0,0,1,0,0,0,1,0,0,0,0,0,0,0,0,0,0,0,0,0,0,0,0,0,0,0,1,0,0,0,0,0,0,0,0,0,0,0,0,1,0,0,0,1,1,0,0,0,0,0,0,0,2,0,2,0,0,0,0,0,0,0,0,0,0,0,0,0,0,0,0,0,0,0,0,0,0,0,0,0,0,0,0,0,1,0,0,0,0,0,0,0,0,0,0,0,1,0,0,0,0,1,0,0,0,0,0,0,0,0,0,0,0,0,0,0,1,0,0,0,0,0,0,0,0,0,0,0,1,0,0,0,0,0,0,0,0,0,0,0,0,0,0,0,0,0,0,0,0,0,1,0,0,0,0,0,0,0,0,0,0,0,0,0,0,0,1,0,0,0,0,0,0,0,0,0,0,0,0,0,0,0,0,0,0,0,0,0,0,0,0,0,0,0,0,0,0,0,0
"E8aJ82_D",46,0,0,1,0,0,0,0,0,0,0,0,0,0,0,0,0,0,1613,334,262,72,269,0,0,61,102,2,59,47,112,33,38,4,23,164,25,97,11,0,0,0,22,13,4,1,16,1,8,11,35,15,13,30,2,49,52,4,0,0,15,0,1,1,13,29,30,11,14,0,14,12,23,8,0,4,0,0,12,0,0,0,1,0,2,8,0,198,2,8,35,1,6,1,6,0,2,7,1,15,1,1,0,2,5,1,0,1,1,0,5,2,0,1,4,1,0,1,0,4,0,1,0,2,0,0,2,2,0,1,0,0,2,0,0,6,7,0,0,19,1,1,2,0,1,1,0,11,1,1,1,2,5,0,0,0,0,3,0,0,1,1,0,0,0,2,0,0,0,0,0,0,1,2,0,1,0,1,0,0,0,0,0,0,0,0,0,0,3,0,1,0,0,1,1,6,4,0,0,0,0,1,0,1,0,1,0,0,0,6,0,0,0,2,0,1,0,1,0,0,0,0,0,1,0,2,0,0,0,0,0,0,1,0,2,0,0,0,0,0,0,0,0,0,0,1,0,0,0,0,0,0,0,0,1,0,0,0,1,0,0,0,0,0,0,0,1,0,0,0,0,0,1,0,0,0,3,0,0,0,0,0,0,0,0,0,0,0,1,0,0,0,0,0,0,0,0,0,0,0,2,0,0,1,0,0,0,0,0,0,0,0,1,0,0,2,0,0,0,0,0,0,0,1,0,0,0,0,0,0,0,0,0,0,2,0,1,0,0,0,1,0,0,0,0,0,0,0,0,1,0,0,0,0,0,0,0,0,0,0,0,0,0,0,0,0,1,0,0,0,0,0,0,0,0,0,0,0,0,0,0,0,1,0,0,0,0,0,0,0,0,0,0,0,0,1,0,0,0,0,0,0,0,0,0,0,0,0,1,0,0,0,0,0,0,0,0,0,0,0,1,0,0,0,0,0,0,0,0,0,0,0,0,0,0,0,0,0,0,0,0,0,0,0,0,0,0,0,0,0,0,0,0,0,0,0,0,0,0,0,0,0,0,0,0,0,1,0,1,0,0,0,0,0,1,0,0,0,0,0,0,0,0,0,0,0,0,0,0,0,0,0,0,0,0,0,0,0,0,0,0,0,0,0,0,0,0,0,0,0,0,0,0,0,0,0,0,0,0,0,0,0,0,0,0,0,0,0,0,0,0,0,0,0,0,0,0,0,0,0,0,0,0,1,0,1,0,0,0,1,1,0,0,0,0,0,0,0,0,0,0,0,0,0,0,0,0
"E8cJ82_D",105,0,2,0,1,0,0,0,0,0,0,0,0,0,0,0,0,0,1649,299,276,63,317,2,4,103,161,5,74,43,123,44,40,12,36,120,56,76,21,0,2,1,13,29,2,4,70,0,15,8,14,15,8,40,1,46,56,4,2,0,9,2,3,2,1,14,27,15,14,0,13,9,9,18,0,4,3,0,15,0,3,0,1,1,1,2,0,0,10,4,18,1,8,0,5,0,0,7,2,11,0,1,0,3,6,8,0,0,4,5,7,8,0,2,3,4,0,1,0,1,0,0,3,1,0,0,1,1,1,0,0,0,2,0,0,5,6,1,0,30,1,2,2,1,1,1,0,9,2,0,1,2,1,0,1,0,16,1,1,0,4,0,0,1,0,0,0,0,0,0,0,0,0,5,0,0,0,0,1,1,1,0,0,0,3,0,0,1,1,0,2,0,1,3,1,4,4,0,0,1,0,1,0,1,0,2,0,0,0,0,1,0,0,0,0,3,0,1,0,0,0,0,0,0,0,0,1,0,0,0,0,1,3,0,1,0,0,3,0,0,1,0,1,0,0,0,0,0,0,0,1,0,0,1,0,0,4,0,0,1,0,0,2,0,0,0,0,0,0,0,0,0,0,2,0,0,0,0,0,0,0,0,0,1,3,0,0,0,0,0,0,1,0,0,0,0,0,1,0,0,0,0,0,0,0,0,0,0,0,1,0,1,0,0,0,0,0,2,0,2,0,0,0,0,0,0,0,0,0,1,0,0,0,0,1,1,1,1,0,0,0,1,0,0,0,0,0,0,0,1,0,0,1,0,0,0,0,0,1,0,0,0,0,0,0,0,0,1,0,0,0,0,0,0,0,0,0,0,0,1,0,0,0,0,0,0,0,0,1,0,0,0,0,2,0,0,0,0,0,0,0,0,0,0,0,0,0,0,0,0,0,0,0,0,0,0,0,0,0,0,0,0,0,0,0,0,1,0,0,0,0,0,1,0,0,0,0,0,0,0,1,0,0,0,0,0,0,0,0,0,0,0,0,0,0,0,0,0,0,0,0,0,0,0,1,0,0,1,0,0,0,0,0,0,0,0,0,0,0,0,0,0,0,1,1,0,0,1,0,0,0,0,0,0,0,0,0,1,0,0,1,0,0,0,0,0,0,0,0,0,1,0,0,0,0,0,0,0,0,0,0,0,0,0,0,0,0,0,1,0,1,0,0,0,0,0,0,0,0,0,0,0,0,1,0,0,0,0,0,0,0,0,0,0,0,0,0,0,0,0,0,0,0,0,1,0,0
"E1aJ40_E",292,286,43,176,21,25,69,5,9,4,6,2,2,18,1,16,2,12,7451,3182,1324,869,185,151,1954,276,227,149,338,124,226,381,307,22,352,20,73,112,0,502,98,52,134,351,131,85,0,131,24,61,31,57,69,30,95,96,15,69,187,98,67,114,1,8,150,12,4,30,15,62,12,29,45,28,169,34,20,73,35,34,65,127,23,44,8,27,8,0,14,1,0,17,26,11,17,0,58,12,0,6,0,106,7,12,14,4,1,1,1,19,0,14,363,6,3,2,49,2,13,1,20,1,11,19,0,5,16,20,11,1,43,13,6,8,9,0,0,11,58,0,17,5,1,11,3,2,240,0,6,2,4,3,3,27,10,97,0,0,0,1,0,3,12,0,37,2,4,4,23,6,146,4,1,3,0,11,1,7,4,5,9,148,18,3,5,5,9,3,1,4,4,5,7,1,0,0,0,95,8,3,9,5,3,1,2,5,51,5,0,0,2,7,29,3,2,0,1,5,4,3,9,12,2,4,0,2,2,1,3,10,3,1,0,5,1,2,2,2,0,8,4,0,2,1,0,1,1,0,5,0,2,6,4,2,1,3,7,1,1,1,1,1,2,1,2,0,0,3,0,42,3,3,0,2,0,0,2,5,1,4,3,5,0,2,0,3,0,0,4,0,0,1,6,0,0,0,1,0,0,3,1,0,0,0,2,6,0,11,0,0,3,2,3,7,2,0,2,0,3,0,4,0,1,0,8,6,0,0,4,1,1,1,0,0,1,0,3,3,0,3,0,0,1,1,0,0,0,1,1,0,1,0,3,0,0,2,8,0,0,0,0,2,1,0,0,0,1,1,0,0,0,0,11,0,0,2,0,0,0,0,0,1,1,2,0,1,0,2,0,1,0,2,0,0,0,0,0,0,0,1,0,1,0,0,1,0,2,2,1,0,0,0,1,14,0,16,0,3,0,0,3,1,2,1,0,0,0,0,17,0,0,0,0,0,0,0,0,1,0,1,0,0,0,0,0,0,0,0,0,3,1,0,0,0,0,2,0,0,0,0,0,0,3,1,0,0,2,0,1,1,1,0,0,1,0,0,0,0,0,0,0,0,0,0,1,0,2,0,0,0,0,0,2,0,1,0,3,3,0,0,0,0,2,0,0,0,0,0,1,0,0,0,0,0,1,1,1,0,0,2,1,2,0,0,1,0,2,0,0,0,1,0,0,3,1,1,0,0,0,0,0,0,0,0,0,1,0,0,0,0,0,0,0,0,0,1,1,1,1,1,0,2,0,1,0,1,1
"E6aJ40_E",412,272,41,124,18,31,45,10,4,2,1,8,3,1,1,0,3,0,7345,1105,1609,1337,272,842,1214,227,265,477,398,142,238,362,407,27,411,37,134,94,24,426,34,104,202,78,55,69,16,43,275,66,78,61,105,46,102,142,71,99,163,129,52,104,17,16,91,18,7,39,13,19,23,33,16,37,66,36,16,25,32,19,23,61,100,74,11,40,20,0,9,15,1,14,34,11,15,0,34,25,5,3,5,40,96,29,10,5,3,6,4,10,6,1,9,11,3,3,45,1,4,9,46,2,7,13,3,1,10,18,8,16,27,19,11,7,16,6,0,24,1,1,8,10,9,20,1,7,0,1,9,2,3,0,1,26,11,4,0,3,3,13,1,8,7,3,0,16,7,4,14,4,0,8,6,3,3,7,0,4,3,5,8,0,30,1,5,14,8,2,0,4,2,7,9,0,2,0,1,11,13,4,0,6,15,4,5,1,5,5,0,0,3,8,0,2,0,1,1,0,6,3,11,6,5,2,0,3,7,9,3,7,3,3,1,1,3,0,0,4,0,6,3,0,3,1,0,2,0,5,12,0,1,1,7,0,1,2,1,2,2,2,0,3,2,1,0,0,0,0,0,0,2,4,0,0,0,1,1,2,3,0,5,1,0,1,0,0,1,2,4,1,0,3,5,0,0,4,0,1,0,6,2,0,1,0,1,4,0,1,1,2,0,0,3,3,2,0,3,0,2,0,2,1,0,2,1,1,0,0,1,1,10,6,0,0,1,0,4,2,0,4,0,4,1,1,0,0,0,0,1,1,0,0,1,0,2,1,3,1,1,1,0,0,0,0,0,0,0,0,0,0,1,1,1,0,1,1,0,0,1,1,0,1,1,1,0,0,0,4,1,0,0,1,0,0,0,0,0,0,0,1,0,1,2,0,1,1,1,0,1,0,2,1,2,0,0,0,3,1,0,0,0,1,0,0,0,1,0,0,0,0,0,1,0,0,1,2,2,0,0,0,0,1,0,1,0,1,0,2,1,3,0,1,0,0,2,1,0,0,0,0,0,0,0,1,0,0,1,0,0,0,1,0,0,0,0,0,0,0,1,1,2,0,0,1,0,0,0,0,1,0,0,0,2,0,2,0,2,1,0,0,0,1,1,0,0,1,0,0,1,0,0,0,1,1,0,0,3,2,0,1,1,2,0,0,1,0,1,0,1,0,1,0,1,1,2,0,0,0,1,0,0,0,0,0,2,0,1,0,0,0,0,0,0,0,0,0,1,2,0,1,0,0,0,1,0,0,0
"E7aJ40_E",259,123,26,28,12,13,22,11,1,0,0,3,4,0,3,0,0,0,5294,683,1092,1045,399,303,321,323,263,361,341,406,193,56,275,15,227,48,121,46,93,107,6,81,91,55,4,60,6,3,68,72,70,26,59,22,28,94,64,65,53,56,57,15,52,8,100,15,7,18,5,5,16,12,25,28,20,30,3,10,19,15,11,0,64,9,1,39,11,0,6,6,0,7,16,8,8,0,5,9,11,6,22,5,0,26,14,2,10,0,0,5,2,7,0,3,9,3,7,3,4,7,27,1,2,10,0,0,2,5,7,13,2,3,1,12,7,6,0,5,0,0,6,4,1,15,27,1,0,1,14,0,3,7,2,0,6,3,0,1,6,9,1,6,2,1,0,6,11,3,6,0,0,4,8,0,3,4,0,2,2,2,1,0,4,6,3,5,2,4,0,1,0,3,2,0,1,0,2,0,1,8,0,3,1,3,2,3,1,2,0,0,3,2,0,2,0,0,2,0,0,0,0,4,1,2,2,2,2,4,2,3,3,2,0,0,3,0,1,0,1,1,1,0,0,4,2,0,0,0,0,0,2,0,5,0,0,0,0,0,2,4,0,1,1,1,0,0,0,2,0,0,1,1,0,1,0,3,0,1,0,0,1,0,0,0,0,0,0,0,0,0,0,1,1,0,0,1,1,1,0,0,0,1,0,0,0,1,0,0,0,2,1,1,1,0,0,1,2,0,3,0,0,0,0,1,1,0,0,0,1,2,0,3,1,0,0,0,0,1,0,0,0,0,1,0,0,0,0,0,1,0,0,0,1,1,0,0,0,2,0,0,0,1,0,0,1,0,0,2,0,0,0,0,0,0,0,0,6,0,0,0,1,3,0,1,0,0,0,1,0,0,0,1,0,0,0,0,0,0,1,2,0,1,0,0,0,1,0,0,0,0,0,0,0,0,0,0,0,0,0,1,1,0,0,0,0,3,0,0,0,1,0,1,0,1,2,1,0,0,0,0,0,1,0,2,0,0,0,2,0,0,0,0,0,1,0,0,0,0,0,1,1,0,0,0,1,0,2,0,0,0,0,0,0,0,0,0,0,0,1,0,1,0,0,0,0,0,0,0,0,0,0,0,1,1,2,0,2,0,1,0,0,0,0,0,0,1,0,0,0,0,0,0,0,0,0,1,0,0,0,0,0,0,0,0,0,4,0,0,0,1,1,0,0,2,2,0,0,0,0,0,1,1,0,0,2,0,0,0,0,0,0,0,1,0,0,0,0,0,0,0,0,0,0,0,0,0,0
"E7aJ48_E",379,132,33,73,27,35,38,12,3,2,0,1,3,0,1,0,1,0,6884,1061,1472,1530,271,250,595,342,318,620,596,530,319,168,398,11,351,75,132,103,28,227,9,59,141,75,27,59,0,5,91,148,112,53,60,45,91,172,92,166,113,105,51,16,87,5,91,17,13,35,14,7,25,12,28,41,33,25,8,57,34,14,9,5,79,4,9,56,58,0,10,28,0,6,39,15,20,0,14,14,25,6,16,10,0,41,23,5,12,2,4,7,4,13,28,15,7,6,5,12,25,9,41,2,12,20,3,0,3,9,3,13,17,21,10,3,11,2,0,19,0,0,13,5,7,18,22,16,0,1,10,0,4,3,7,0,8,31,0,1,0,17,2,13,2,0,0,9,17,4,5,0,0,4,0,6,1,7,0,1,5,5,4,0,25,6,6,6,2,6,0,4,0,6,3,1,3,0,4,1,5,8,0,0,13,6,2,8,12,6,0,0,1,5,2,2,1,0,3,1,0,4,9,5,2,3,0,2,2,4,2,2,3,5,1,1,4,0,0,4,2,6,0,3,1,0,0,1,0,5,3,0,2,1,2,2,1,1,0,1,0,1,0,1,0,2,1,0,1,2,0,0,4,1,3,3,0,0,1,0,0,0,5,1,1,0,0,0,1,0,1,1,0,2,1,0,0,1,4,1,0,1,1,0,2,2,0,6,0,14,0,0,1,0,2,2,2,4,4,0,0,1,3,3,0,2,2,0,0,0,0,3,2,9,0,0,0,2,2,2,0,0,0,0,1,0,0,0,0,0,0,0,0,0,3,1,0,1,0,1,2,0,0,2,2,0,3,0,0,1,0,0,0,0,0,0,0,0,4,0,1,0,1,2,0,1,0,1,0,4,1,0,0,2,0,1,0,0,0,0,1,0,0,3,0,0,1,0,0,0,1,1,1,2,0,0,8,0,0,0,1,0,4,3,1,0,0,1,0,0,0,1,0,1,0,0,1,0,0,0,0,0,0,0,0,2,0,0,0,1,1,0,0,0,0,2,0,1,0,0,0,2,1,0,1,0,0,0,3,0,1,0,0,0,0,0,0,0,0,0,0,0,2,1,0,0,0,0,0,0,0,0,0,1,1,2,0,0,1,1,2,0,0,0,0,0,0,4,1,0,0,0,0,1,0,0,0,0,1,1,1,1,2,0,0,1,0,2,0,0,1,0,1,0,1,0,1,0,0,0,0,0,0,0,0,0,1,0,0,0,0,0,0,0,0,0,0,0,0,1,0,1,0,3,0,0,0,1,0
"E7aJ69_E",395,1007,72,59,57,45,28,13,10,14,6,0,0,0,2,0,5,0,8878,1499,2301,1731,425,15,914,247,414,816,602,278,340,378,435,30,306,34,134,208,2,282,5,10,213,89,22,66,0,200,146,254,210,23,122,101,225,310,161,330,167,151,73,4,302,8,21,23,50,31,58,3,11,13,14,58,28,45,4,45,53,16,16,72,44,1,323,44,151,0,27,55,0,12,77,2,31,0,33,18,5,12,27,10,0,51,44,10,5,0,5,11,1,16,1,12,16,2,7,107,72,7,34,0,18,12,106,0,12,10,2,22,19,9,12,6,17,13,1,32,0,1,22,9,5,17,15,29,0,3,4,1,45,7,5,0,5,3,0,7,0,4,0,33,14,7,0,9,5,4,3,5,0,8,2,2,4,5,0,2,6,4,12,0,22,14,7,4,0,4,0,9,1,6,4,2,6,0,3,0,10,7,28,7,15,6,7,12,4,6,3,0,2,0,3,5,0,0,4,1,0,4,10,14,3,4,0,4,6,17,1,4,4,2,0,3,2,0,5,8,2,5,3,1,5,0,0,2,0,2,3,0,2,1,8,1,2,18,0,1,3,6,1,4,0,1,1,0,7,1,0,0,2,0,1,1,0,2,2,0,4,0,6,0,12,1,0,4,1,1,0,3,0,0,1,1,1,3,2,0,0,0,1,0,0,2,1,3,0,0,2,0,0,2,3,2,3,3,1,0,0,0,4,0,0,2,3,0,36,0,0,2,4,4,0,0,0,1,2,1,2,3,0,0,1,3,24,0,0,0,2,0,1,0,1,0,0,0,0,3,1,1,0,0,3,0,0,0,0,0,1,1,0,0,2,0,1,6,1,1,1,0,0,0,1,0,0,1,0,4,2,0,0,1,14,1,1,0,0,0,0,2,1,0,2,0,0,0,0,1,1,3,0,1,1,0,0,0,1,1,1,1,3,2,4,0,1,2,0,0,0,9,0,0,0,0,0,0,1,2,0,5,0,0,2,1,0,0,0,0,1,1,1,0,0,0,1,1,0,0,10,3,0,0,1,1,0,0,2,0,0,2,1,0,0,0,0,0,0,0,0,1,0,1,0,0,1,0,0,0,0,0,0,0,0,1,0,0,0,1,0,0,0,0,0,0,0,1,0,0,0,0,1,0,9,1,1,0,5,0,0,1,1,0,2,1,0,0,0,0,1,0,1,0,1,1,0,1,0,0,1,0,0,0,0,0,2,2,0,0,0,0,0,0,0,1,0,0,1,2,1,1,0,2,0,1,1,1,0
"E7bJ69_E",243,105,24,48,47,31,34,18,21,9,9,0,1,0,0,0,3,0,5027,706,1090,567,299,5,747,175,232,613,335,534,127,164,187,9,136,58,80,76,9,142,6,7,168,42,16,33,0,506,65,105,102,37,55,50,115,86,110,173,77,62,41,5,47,6,25,2,19,20,4,3,26,3,14,21,26,52,1,32,18,5,11,50,20,5,54,13,71,0,20,31,0,2,20,3,11,0,26,9,3,7,14,3,0,24,11,8,2,1,4,3,1,4,0,3,8,4,6,29,35,2,9,1,1,2,127,0,4,8,0,2,3,9,9,3,7,6,0,2,0,0,2,5,2,16,14,12,0,1,1,3,16,6,1,0,0,0,0,0,0,1,0,17,8,16,0,4,5,1,2,5,0,5,0,1,2,5,0,9,3,3,4,0,0,4,4,2,5,1,0,3,0,5,5,0,3,0,0,0,2,6,25,3,1,0,2,3,0,5,0,0,3,0,2,3,0,0,1,1,0,2,1,1,1,4,0,1,4,3,0,0,0,1,0,0,2,0,3,2,3,1,3,1,6,0,2,0,0,0,0,0,0,1,4,1,0,11,0,0,2,2,0,0,0,1,3,0,3,1,1,0,5,2,0,1,0,0,1,2,1,1,0,1,2,1,0,1,0,0,2,0,0,0,2,0,0,3,1,0,0,0,0,0,0,0,0,0,0,0,1,1,1,1,1,0,0,0,0,0,0,1,0,0,0,0,1,0,0,0,0,0,0,2,1,0,1,2,3,0,1,0,0,0,1,3,0,0,1,0,2,0,1,0,1,0,1,0,0,1,1,3,0,1,0,0,0,0,0,0,0,0,1,1,0,0,1,1,0,0,2,0,0,0,0,1,0,0,0,1,2,0,0,0,2,0,0,3,0,0,0,0,0,0,1,0,0,0,2,0,0,1,0,0,0,0,0,0,0,0,0,0,0,2,2,1,0,0,1,0,0,0,0,0,0,0,0,0,0,2,0,2,0,0,0,0,0,0,0,0,0,0,0,0,0,0,0,1,0,0,0,0,3,0,1,0,0,0,1,0,0,0,0,0,0,0,1,0,0,0,0,1,0,0,0,1,0,0,1,0,0,0,0,0,0,0,0,0,0,1,0,0,0,1,0,0,0,1,0,1,1,0,0,0,0,0,1,0,0,0,1,0,0,0,0,0,0,0,0,0,0,0,1,0,0,1,0,0,1,0,0,0,1,0,0,0,0,0,0,0,0,0,0,0,1,0,0,0,2,2,0,0,0,0,0,0,0,0,0
"E8aJ69_E",529,146,14,7,15,21,1,2,0,1,0,3,1,0,1,0,0,0,6639,1228,1506,669,512,0,27,301,575,26,304,155,340,121,292,26,207,196,94,151,280,3,7,60,92,70,19,38,126,8,43,75,76,57,87,145,7,168,133,49,4,11,71,2,11,11,54,41,114,23,23,2,37,20,58,28,22,24,6,0,34,4,0,0,51,1,9,38,20,0,28,36,42,8,16,6,28,0,3,15,91,16,2,4,0,34,50,13,23,0,10,6,10,18,0,12,20,11,1,4,0,9,23,0,15,17,0,0,6,5,3,24,0,0,6,5,8,6,22,11,0,21,14,13,4,6,6,4,0,22,17,3,5,6,10,0,1,0,0,5,12,1,21,2,8,0,0,12,3,6,2,0,0,8,0,2,3,3,0,7,5,5,13,0,4,0,2,5,1,4,0,2,1,8,0,3,1,6,13,0,4,12,0,4,1,4,3,6,0,4,0,5,5,1,0,5,0,9,2,0,0,7,0,10,0,0,20,4,5,4,0,7,3,1,1,1,3,2,1,2,4,1,2,2,6,1,1,1,0,2,1,0,1,0,0,1,0,0,0,0,0,3,0,5,0,0,2,0,2,0,0,0,0,0,1,1,0,1,4,0,0,1,8,0,0,0,1,2,5,0,1,4,0,6,0,0,0,6,1,0,0,0,1,0,0,11,2,0,0,0,1,1,1,0,1,1,0,2,0,0,0,1,0,2,0,2,0,0,0,0,0,1,0,4,1,0,0,1,1,1,0,0,4,1,3,0,0,0,1,0,3,1,0,0,2,1,0,2,0,1,2,3,0,0,1,0,0,0,0,1,1,0,2,1,0,0,0,0,0,1,0,1,0,0,0,1,0,0,0,0,1,0,0,4,0,0,1,0,0,0,0,1,1,0,0,1,0,0,0,0,0,2,1,0,0,0,0,0,0,0,2,0,0,0,1,0,0,0,1,0,0,0,0,6,0,1,1,1,1,0,0,1,0,0,0,0,0,1,0,1,1,1,0,0,0,0,0,0,0,0,0,0,0,0,0,0,0,0,0,0,0,0,0,0,0,0,1,0,0,0,0,0,0,0,0,0,0,0,0,0,1,0,1,0,0,0,2,0,0,3,0,0,0,0,0,0,2,0,0,1,0,0,4,1,0,0,0,0,1,0,1,1,1,0,0,0,1,0,0,1,0,2,1,0,1,2,0,0,1,1,1,0,0,0,0,0,1,0,0,0,0,0,0,0,1,0,0,0,0,2,0,0,0,0,0,0,0,0,0
"E8aJ96_E",906,170,13,0,9,16,1,6,0,7,0,2,0,0,0,0,0,0,5940,976,2050,507,341,0,14,580,231,10,857,105,274,188,522,44,167,207,156,271,10,1,3,7,84,68,11,7,362,5,20,190,165,22,100,196,12,199,253,78,3,7,101,5,4,8,152,10,443,36,27,0,23,16,73,69,10,19,4,0,74,5,1,0,14,1,4,14,27,555,22,65,253,1,23,0,25,0,5,18,12,20,5,6,0,30,33,11,0,3,4,3,11,11,1,3,15,13,2,6,1,11,17,1,8,12,0,0,4,1,0,11,1,2,4,3,8,24,11,12,0,53,17,54,4,6,11,7,1,9,5,1,1,8,5,0,1,0,0,4,1,0,11,8,9,0,0,9,5,14,0,0,0,3,0,11,5,9,0,5,8,2,12,1,17,0,2,10,0,4,0,1,0,7,1,1,0,0,4,0,11,4,0,0,2,7,4,8,0,11,0,25,21,3,0,4,1,9,4,1,0,12,0,3,7,0,0,4,2,5,0,6,13,3,3,0,1,0,0,2,0,3,1,1,3,0,2,3,0,1,0,0,2,0,0,0,0,0,0,0,2,0,1,6,0,1,1,0,0,2,1,0,1,0,0,2,0,3,0,0,0,0,4,0,0,0,1,2,9,1,0,3,0,4,0,0,0,3,0,1,1,0,1,0,0,6,2,0,2,0,2,0,1,0,0,5,0,4,2,10,0,1,2,0,0,2,0,0,0,0,0,2,4,5,0,0,1,1,2,1,0,0,3,1,0,0,0,0,2,0,1,0,0,3,0,2,0,2,0,2,2,0,0,0,0,1,0,0,0,0,0,0,2,2,0,0,0,0,0,0,0,0,1,1,0,0,1,0,0,7,1,0,0,3,0,2,0,1,0,0,1,1,1,2,1,0,0,0,0,0,0,1,0,2,0,0,0,0,0,1,0,1,0,0,1,1,0,1,0,0,0,1,0,0,0,0,2,3,0,0,1,2,0,0,0,0,0,0,0,0,2,0,1,0,0,4,0,0,0,0,0,2,0,1,0,0,0,3,2,1,0,0,0,2,0,0,0,0,0,0,0,1,0,1,0,0,1,0,0,0,0,0,0,1,0,0,0,0,1,0,0,0,1,1,0,0,1,1,0,1,0,0,0,1,0,0,0,1,0,0,0,2,0,0,1,0,0,0,0,1,0,0,2,0,0,1,0,0,0,0,0,2,2,0,0,0,1,0,0,0,0,0,0,0,3,0,0,0,0,1,0,0,0,2,0,0,1,0,1
"E8bJ69_E",486,81,33,14,26,32,1,13,1,1,0,1,0,0,1,0,0,0,7425,1381,2402,1306,518,1,30,502,376,31,564,183,312,182,397,30,221,236,114,179,322,0,7,41,159,86,16,49,360,6,56,128,125,35,137,165,34,218,173,81,3,26,99,0,15,13,119,30,200,38,19,1,42,19,36,43,23,29,4,0,46,9,1,0,49,2,9,38,82,0,19,27,37,7,65,8,23,0,8,25,38,32,79,10,0,33,43,12,9,0,2,2,10,12,7,7,20,9,1,13,19,7,28,1,15,19,0,0,8,8,1,29,1,1,9,3,8,5,6,28,0,5,15,23,2,13,22,9,1,19,11,0,3,7,11,0,0,16,0,8,12,0,14,1,5,0,0,14,14,6,0,11,0,9,0,4,2,14,0,8,6,8,9,0,30,0,2,5,0,3,0,3,0,6,0,2,10,2,4,0,17,13,0,2,10,8,4,3,6,4,0,9,7,0,0,4,0,10,4,2,0,8,1,15,4,0,3,8,5,6,0,2,7,3,1,1,7,1,0,6,0,17,1,6,7,1,2,1,0,3,0,0,2,0,0,2,0,0,0,0,1,1,0,4,1,4,1,0,2,1,2,0,1,1,3,2,0,1,2,2,0,0,4,1,0,3,1,2,7,1,1,1,0,1,0,0,0,2,0,2,0,0,1,0,1,1,2,0,0,4,3,0,0,0,0,1,1,11,4,7,5,2,1,1,1,0,1,0,0,7,0,3,4,5,0,0,2,2,1,1,1,0,2,3,0,0,0,0,0,0,1,2,1,3,3,6,0,1,0,0,1,0,0,13,0,0,0,0,0,3,0,0,0,1,6,0,2,0,1,0,0,0,0,1,0,0,1,0,0,4,1,0,0,0,0,0,2,2,0,0,1,1,2,0,0,0,0,1,0,0,0,2,2,2,0,0,2,0,0,0,0,0,2,0,0,0,0,1,0,0,0,0,0,4,0,1,0,0,1,0,1,1,0,0,0,1,1,1,0,1,0,1,0,0,0,0,4,0,0,0,0,0,0,2,0,0,0,4,1,0,1,0,0,1,0,0,0,0,0,0,0,0,0,0,0,1,0,0,0,1,0,0,1,0,2,0,0,0,0,0,0,0,1,1,1,0,0,0,0,0,0,0,0,1,0,4,0,2,0,0,0,1,2,0,3,0,0,2,0,0,0,0,1,0,0,3,0,0,0,1,1,2,0,0,0,0,1,0,0,0,0,0,0,0,0,0,0,0,1,1,0,0,0,0,0,0,1,1,0
"E8bJ96_E",1035,176,133,6,29,5,3,7,2,9,1,3,3,0,1,0,0,0,5527,1120,2222,720,462,7,370,358,410,17,485,183,310,411,458,109,214,309,192,339,5,5,3,11,701,74,11,43,542,122,52,172,184,58,119,232,420,202,341,116,1,22,158,5,12,9,19,19,281,44,31,0,27,17,14,89,12,79,3,0,93,10,26,81,26,3,85,21,286,0,109,44,0,12,33,2,25,0,23,16,4,39,137,9,1,24,35,18,5,1,1,6,21,18,0,12,23,8,1,133,46,3,18,3,12,12,0,0,4,4,1,12,3,0,17,2,3,21,4,19,0,15,14,25,2,12,13,42,0,12,4,2,19,3,15,0,0,1,1,8,1,12,8,1,4,8,0,19,9,9,0,7,0,3,0,6,4,14,23,1,6,1,15,0,15,25,4,8,0,8,0,0,0,4,1,3,16,0,3,0,6,12,0,7,7,0,2,4,0,15,1,4,3,0,0,7,0,15,1,4,0,14,7,11,7,2,0,16,11,26,1,5,4,2,1,0,1,0,10,3,0,4,5,9,3,0,5,2,0,3,1,0,3,0,1,2,26,3,0,0,0,1,0,1,1,2,1,0,4,5,0,0,11,0,6,1,0,1,2,1,1,0,4,1,0,1,1,5,5,0,1,2,0,6,0,2,1,2,1,3,3,0,1,1,0,0,1,3,0,0,0,1,2,0,3,1,4,0,4,1,0,4,1,0,0,5,0,0,0,2,0,1,1,0,0,0,0,1,1,1,2,0,5,3,3,2,0,0,0,2,1,2,0,3,3,0,0,1,0,3,1,1,0,0,4,1,0,0,0,0,0,0,1,0,2,0,0,1,0,0,1,2,2,1,3,1,1,0,0,4,1,0,0,1,0,0,1,1,0,0,0,1,0,0,1,0,0,0,0,0,3,0,0,0,0,0,0,0,0,2,0,2,3,1,0,0,0,1,1,0,0,0,0,0,0,0,0,4,0,2,0,4,0,1,0,1,6,0,0,0,3,8,1,0,1,3,1,0,0,0,0,0,0,5,0,0,0,0,0,0,2,1,0,1,1,0,1,0,0,1,0,1,1,1,0,0,1,0,0,0,0,0,0,0,1,0,0,0,2,2,0,0,0,1,2,0,0,1,0,0,0,0,0,2,0,1,2,2,0,0,0,1,2,1,2,0,0,2,0,0,0,0,1,1,1,0,0,0,0,1,0,0,0,0,0,0,0,0,0,0,0,0,0,0,1,0,0,0,1,3,1,0,0,0,0,0,1,0,0
"E8cJ69_E",510,99,10,2,17,23,0,3,0,0,0,1,0,0,1,0,0,0,5823,1246,1162,600,367,2,26,412,486,27,289,127,340,99,341,33,174,134,96,183,237,1,1,32,66,89,18,41,201,5,32,55,80,44,62,116,5,118,131,52,9,8,95,3,1,11,21,20,164,27,16,1,42,15,58,37,15,16,2,0,38,5,1,0,53,2,5,30,13,0,12,19,34,3,15,12,27,0,3,15,39,12,0,6,0,27,34,6,22,0,8,0,6,12,16,12,17,14,2,1,0,22,15,1,9,24,0,0,5,3,2,25,0,0,3,6,5,6,17,26,0,29,6,9,4,12,18,3,1,15,6,1,1,2,11,0,1,16,57,5,12,1,29,0,6,1,0,11,9,10,3,1,0,4,0,4,0,7,0,6,1,2,6,0,11,0,6,8,1,2,1,1,0,3,0,2,5,10,6,0,2,8,0,0,5,5,5,8,10,5,0,17,7,2,0,4,0,7,2,0,0,4,0,7,6,0,0,0,1,2,0,3,5,6,1,0,3,0,0,0,0,0,1,2,4,0,0,2,0,8,0,0,1,0,0,3,0,0,4,0,2,5,0,5,0,4,0,0,2,1,1,0,0,0,2,1,0,4,3,1,0,0,12,0,1,1,2,5,10,1,3,0,0,5,0,0,0,0,0,1,0,0,2,0,2,1,0,0,0,3,0,0,1,3,3,2,2,0,1,2,0,1,0,1,0,1,3,0,2,0,0,3,4,2,0,0,1,1,1,0,0,0,2,1,0,0,1,0,3,0,0,2,0,1,0,2,0,0,0,1,0,1,0,0,0,0,1,0,0,0,0,0,1,0,4,0,0,0,0,0,0,0,3,1,0,1,0,1,0,0,1,0,0,4,1,0,0,1,0,0,1,0,0,0,1,1,0,0,0,1,1,1,1,3,0,1,3,0,0,0,3,0,0,0,0,1,0,2,0,0,0,0,0,1,0,1,0,0,0,0,0,0,7,0,0,6,1,1,0,0,0,0,1,4,0,0,0,0,0,2,0,0,0,0,1,0,0,0,3,0,0,0,0,1,0,0,0,0,0,0,0,1,0,0,0,1,0,0,0,0,1,0,0,1,1,0,0,0,2,0,0,0,1,0,0,0,1,0,0,0,0,0,0,0,0,0,0,1,0,2,0,2,1,0,1,0,0,0,0,0,0,0,0,0,2,0,0,0,0,0,2,0,0,0,0,1,2,1,0,0,0,0,0,0,2,0,0,0,1,3,0,1,0,1,0,0,1,0,0
"E8cJ96_E",1008,40,21,0,13,30,0,1,0,0,0,3,0,0,1,0,0,0,7464,1264,1987,496,568,0,21,637,625,16,497,129,376,171,568,78,226,164,162,294,50,0,5,44,54,90,17,14,745,8,37,91,116,43,119,215,8,240,362,55,2,2,156,1,1,10,25,25,437,46,19,4,42,25,72,105,17,25,2,0,35,10,0,0,24,3,6,14,22,0,47,88,129,3,30,5,33,0,5,23,18,31,1,2,0,32,28,15,6,0,10,5,15,26,5,8,24,19,2,8,0,14,30,1,13,18,0,0,9,3,2,18,0,0,8,4,11,14,22,15,0,51,10,46,0,7,13,1,1,32,9,3,13,4,14,0,1,4,42,7,4,1,23,3,10,2,0,19,12,12,0,0,0,4,0,11,2,20,2,4,5,1,22,0,10,2,5,11,1,5,1,0,0,2,2,3,3,7,14,0,11,12,0,6,4,15,4,5,1,6,0,4,18,0,0,11,0,12,3,5,0,4,0,9,6,0,13,1,1,2,1,3,3,6,2,0,3,1,3,0,0,2,0,10,6,0,4,9,0,0,0,0,5,0,0,1,0,0,28,0,1,5,1,7,0,1,2,0,1,1,2,0,0,0,2,1,0,3,2,0,0,0,8,1,0,2,2,5,5,0,2,0,0,6,0,0,0,3,1,3,0,0,2,0,0,6,6,0,0,1,1,4,1,1,5,1,0,1,3,7,0,2,0,2,0,6,1,0,0,1,1,1,2,2,0,0,1,2,2,2,0,1,6,3,1,0,0,0,0,0,1,3,0,2,4,1,0,3,0,1,1,1,0,1,0,0,0,0,0,1,0,0,1,1,2,0,0,2,0,1,0,1,3,3,0,2,1,0,0,1,1,0,0,3,0,2,2,2,0,0,0,0,1,1,2,2,0,0,0,1,0,2,0,1,0,0,0,0,0,0,2,0,1,0,1,0,0,0,0,0,0,0,0,0,0,0,1,3,1,1,3,2,3,0,0,1,1,0,0,1,0,0,2,1,0,0,1,0,0,1,0,1,0,0,1,5,0,1,0,0,1,0,1,0,0,1,0,0,0,1,0,1,0,1,0,0,0,0,0,0,0,0,0,0,1,0,1,0,1,0,2,0,1,0,2,0,1,3,0,1,0,0,0,0,1,1,0,1,0,1,0,0,1,0,0,0,0,0,0,0,0,1,4,0,0,0,0,0,0,0,0,1,0,0,0,0,0,0,0,0,0,0,0,0,1,0,0,2,0,0,0,0,0,0,0,0,0,1,1
