,otu_1,otu_2,otu_3,otu_4,otu_5,otu_6,otu_7,otu_8,otu_9,otu_10,otu_11,otu_12,otu_13,otu_14,otu_15,otu_16,otu_17,otu_18,otu_19,otu_20,otu_21,otu_22,otu_23,otu_24,otu_25,otu_26,otu_27,otu_28,otu_29,otu_30,otu_31,otu_32,otu_33,otu_34,otu_35,otu_36,otu_37,otu_38,otu_39,otu_40,otu_41,otu_42,otu_43,otu_44,otu_45,otu_46,otu_47,otu_48,otu_49,otu_50,otu_51,otu_52,otu_53,otu_54,otu_55,otu_56,otu_57,otu_58,otu_59,otu_60,otu_61,otu_62,otu_63,otu_64,otu_65,otu_66,otu_67,otu_68,otu_69,otu_70,otu_71,otu_72,otu_73,otu_74,otu_75,otu_76,otu_77,otu_78,otu_79,otu_80,otu_81,otu_82,otu_83,otu_84,otu_85,otu_86,otu_87,otu_88,otu_89,otu_90,otu_91,otu_92,otu_93,otu_94,otu_95,otu_96,otu_97,otu_98,otu_99,otu_100,otu_101,otu_102,otu_103,otu_104,otu_105,otu_106,otu_107,otu_108,otu_109,otu_110,otu_111,otu_112,otu_113,otu_114,otu_115,otu_116,otu_117,otu_118,otu_119,otu_120,otu_121,otu_122,otu_123,otu_124,otu_125,otu_126,otu_127
sample_1,0,7,0,4,2,858,0,0,179,2,0,0,0,0,26,0,0,2,0,0,35,0,3,0,1,0,163,0,111,0,0,2,0,0,0,881,0,1,0,0,0,1,0,0,0,0,0,2,0,0,0,15,0,363,0,0,0,0,2,0,0,4,0,5,2,0,1935,8,26,0,0,0,0,2,4482,0,3,0,0,0,0,0,0,4,0,0,2,0,0,56,0,0,0,1093,23,0,0,0,55,0,0,2,2,0,31,0,0,0,0,0,0,2,1,0,2,0,0,22,0,1,0,0,2452,0,0,98,0
sample_2,0,43,0,1,129,0,0,0,1963,0,0,2,0,0,331,2,0,0,3,0,2,0,0,0,0,0,396,0,8,0,0,36,0,1,0,5,0,1,0,40,1,16,0,13,0,9,0,11,0,4,0,0,0,100,1,0,7,0,1,0,0,26,1,2,5,0,0,1,0,0,0,0,0,0,4,14,0,0,0,0,0,1,1,7574,0,0,31,0,0,7152,0,0,0,1,288,22,0,0,7,0,1,0,196,10,38,0,0,0,0,24,1,659,0,0,0,14,0,1256,1,12,0,0,37,0,1,4,0
sample_3,8,0,1,6,191,948,4,0,9,0,3,1,0,4,9,1,5,1,2,1,8,2,3,2,0,0,4,0,0,6,76,1,0,0,0,0,4,6,3,0,14,1,0,13,2,23,0,13,0,2,0,0,0,109,5,200,2,0,36,1,0,1,0,7,0,4,8,1,42,1,0,0,0,16,102,13,734,338,0,0,0,1,0,148,0,0,5,5,0,9510,1,80,1,15,34,0,34,2,13,45,0,2,313,1,0,1,0,0,0,14,8,21,0,0,0,18,1219,16,0,0,4,1,253,0,16,9,0
sample_4,0,0,0,0,3,152,0,4,0,0,0,0,7,1,2,1,0,0,3,2,1,3,89,4,0,0,5,1,1,485,34,0,0,0,0,1,3,1,0,0,37,1,3,0,0,0,0,0,0,0,0,0,332,65,4,0,0,0,11,1,0,1,0,4,12,1018,4,0,153,9,4,1,2,33,13,0,635,21,0,0,0,0,0,10,3,0,57,7,4,19,0,0,1056,1232,8,0,0,0,315,0,2,4,0,0,0,3,9,919,0,20,0,4,0,0,0,0,3391,4,0,0,0,3,2129,0,2,111,0
sample_5,0,28,1,0,286,1,0,0,0,0,2,2,0,0,236,26,4,0,6,5,0,0,2,0,0,0,425,2,3,0,0,1,1,0,0,0,0,33,0,84,3,0,0,27,0,18,0,0,0,2,0,5,9,12,1,0,0,0,0,0,1,0,1,1,3,0,911,0,1,3,1,0,0,8,1337,14,0,35,0,0,0,3,0,191,0,0,199,0,0,14535,0,0,0,1,1,2,0,0,81,0,1,62,413,5,129,0,2,0,0,7,0,6,414,8,0,10,0,2,9,0,0,0,330,4,0,24,5
sample_6,33,0,0,93,222,77,278,2,6,12,0,26,61,91,0,3,0,0,533,8,2,1,43,0,33,0,9,0,0,363,1,0,0,2,46,2,0,3,86,0,856,1,1,21,4,9,0,0,0,124,4,0,18,65,1,100,0,0,1297,0,0,0,0,8,8,919,14,0,157,0,105,0,0,15,5,13,62,44,0,2,0,5,4,7,0,1,45,5,22,10802,0,26,41,16,3,2,0,0,13,103,0,3,282,42,0,0,0,0,0,18,32,3,25,11,0,19,7,0,441,0,6,1,376,0,1062,9,0
sample_7,0,24,0,258,13,909,64,1,661,52,10,0,27,23,113,1,0,0,3,30,589,30,22,0,37,0,1,0,11,97,31,51,0,0,0,331,0,7,0,1,366,0,1,1,40,0,0,11,0,1,9,0,195,3511,126,881,0,0,1124,0,0,75,0,3,1,0,5,0,1,29,43,0,0,0,75,2,255,1,0,4,0,0,0,1,2,0,202,3,15,457,0,672,502,75,544,0,358,1,40,242,0,294,16,0,7,6,0,0,0,9,270,63,0,10,1,0,0,160,0,0,23,0,1117,0,0,33,0
sample_8,0,41,0,8,220,0,0,0,1,0,0,1,0,1,110,1,1,0,0,0,975,73,6,0,2,2,2,0,4,55,0,17,1,0,0,44,0,22,0,0,0,15,0,16,54,22,0,39,0,0,0,146,8,1,24,74,0,0,108,0,0,0,0,299,4,0,770,6,13,4,6,0,282,1,251,20,0,14,0,0,9,0,0,2084,0,0,1,9,2,11915,1,33,5,7,1192,26,12,61,10,1,0,1,296,8,33,20,0,0,0,0,1,1,147,9,83,18,75,0,2,0,0,2,140,0,0,4,18
sample_9,0,225,1,319,3,11,23,0,1,2,7,1,277,62,1102,0,136,26,1,16,0,105,40,0,0,8,529,103,12,92,0,174,0,0,14,7,8,34,3,109,1973,172,0,1,40,0,0,22,0,1,8,1,79,5751,53,22,26,0,2,0,0,156,15,0,3,391,278,21,75,0,105,0,0,34,1324,1,12,9,39,66,0,0,0,3,0,0,60,199,42,98,0,5,16,18,3953,10,0,24,5,0,0,0,8,1,55,391,26,0,9,24,1,408,216,25,188,0,87,1,0,11,26,2,246,0,1051,16,9
sample_10,247,81,4,0,53,0,71,2,0,26,5,5,13,0,462,0,0,25,2,6,1,0,10,130,0,3,9,0,7,14,7,1,0,169,0,0,0,21,2,143,223,25,0,4,2,1,5,29,0,195,15,12,12,8933,1,0,0,10,0,35,0,202,0,973,705,170,1604,12,0,0,22,106,0,4,212,1,26,3,0,0,35,3,590,1,0,13,39,0,10,2386,3,0,0,2,5,0,0,0,2,0,0,2,56,2,9,21,16,0,0,20,74,180,81,2,252,4,0,0,11,1,0,0,150,0,2,9,44
sample_11,190,91,18,0,115,25,2,0,1,0,0,2,2,0,296,1,18,0,2,0,1,0,0,4,22,0,278,2,7,8,2,171,0,0,2,28,0,2,2,1,18,0,0,17,4,12,0,54,0,37,5,2,0,2817,0,0,0,2,98,0,0,63,0,0,2,11,143,4,7,0,2,78,0,0,589,20,11,6,0,0,1,4,1,1,0,0,10,19,2,6780,0,0,0,1,4213,0,0,3,0,0,0,0,181,23,27,0,0,0,0,11,0,477,77,0,1,16,44,643,1,14,4,42,24,0,9,0,0
sample_12,2,51,63,115,387,3,172,58,0,14,12,1,1,0,514,2,0,0,5,15,1,29,0,0,3,6,14,0,52,16,22,7,0,1,2,113,0,41,35,0,7,0,0,42,0,36,0,45,0,1,6,1,2,3440,0,100,0,0,123,0,0,92,49,0,4,1,0,12,0,23,0,0,184,4,637,29,71,0,23,1,0,0,26,1,0,0,533,62,0,20692,2,11,78,0,152,27,0,4,0,0,2,0,580,6,34,1,6,0,0,191,514,816,95,165,0,44,157,1,3,0,21,0,27,0,60,7,17
sample_13,10,39,147,23,307,0,34,64,58,3,0,10,14,0,226,5,0,37,500,1,1,1,5,82,19,5,358,0,2,1,6,5,1,172,0,24,0,12,5,462,50,20,0,29,0,23,7,7,91,282,0,13,14,9,18,11,31,1,927,46,5,100,2,59,635,15,48,1,64,2,2,1,0,2,221,34,25,3,0,1,0,13,1141,2,0,15,6,11,0,15651,0,8,28,6,129,4,0,0,9,1,2,0,458,9,22,1,34,0,0,7,156,3355,305,10,3,30,21,2,7,9,6,14,178,0,2,5,7
sample_14,0,2,0,0,69,1,3,0,0,0,0,0,0,0,124,0,1,3,1,14,2,18,0,0,0,11,56,0,2,6,1,328,1,1,0,0,0,15,0,44,22,112,0,10,0,9,0,39,371,3,6,0,0,3844,4,12,0,0,18,2,8,248,3,639,1,7,0,0,1,9,1,6,0,2,1617,1,21,2,0,3,0,0,232,0,0,0,1,51,0,3742,2,2,1,0,4115,0,0,13,0,0,0,1,78,2,931,0,0,5,0,2,1,706,321,2,17,5,2,0,2,3,0,72,0,0,0,0,0
sample_15,0,13,14,0,105,1,0,1,245,15,0,1,3,0,97,1,0,0,1,20,0,10,0,0,0,1,49,0,6,289,0,80,546,1,2,39,25,29,5,0,18,331,120,10,0,2,0,34,0,2,5,2,7,2356,321,0,126,0,10,0,0,40,226,533,2,19,163,20,28,0,0,78,591,37,1086,12,0,1,0,0,0,1,402,3,1,13,4,39,0,4811,0,2,63,0,876,19,4,0,0,2,0,1,125,2,39,0,153,51,216,0,0,175,286,150,1,7,2,23,0,0,0,43,0,0,910,0,28
sample_16,13,28,0,0,249,0,22,0,2,0,0,1,14,0,154,2,4,0,12,3,0,3,3,15,3,0,337,0,0,6,1,63,0,172,3,4,0,0,5,50,120,0,0,21,0,20,0,0,25,175,0,1,0,754,0,9,0,0,243,39,0,25,0,24,800,54,124,3,4,1,0,0,0,0,451,29,3,0,14,0,0,3,0,2,0,0,1,4,7,12722,0,2,14,88,337,2,0,0,0,0,0,1,364,12,37,0,0,2,0,0,0,100,25,1,0,32,23,1905,2,11,12,9,8,23,70,0,0
sample_17,129,143,0,1,0,1,64,19,0,8,2,0,3,5,566,0,21,0,1,2,1,72,1,1,12,0,5,24,2,3,3,72,0,0,0,3,9,65,7,336,22,161,36,1,0,0,0,36,0,0,3,36,31,1761,20,16,0,4,160,0,98,77,141,439,0,23,3264,32,1,0,4,10,145,9,1297,0,36,0,10,21,0,0,2,1,0,0,20,6,3,10,56,28,87,2,3651,3,6,0,0,3,0,0,2,0,38,0,22,26,0,12,29,2881,61,4,1,0,67,1,0,0,34,35,24,0,68,0,50
sample_18,1,4,56,1,260,0,19,17,1178,0,3,0,0,1,5,0,0,0,0,0,1,0,0,0,0,17,765,0,388,0,1,0,278,1,1,1,0,294,124,22,1,0,0,19,0,18,0,97,0,4,10,128,0,853,0,0,2,0,8,0,1,348,0,1,1,0,107,0,44,1,1,0,91,179,771,30,10,0,0,0,0,1,1,5,0,0,56,1623,0,14829,26,0,88,0,6,0,0,1,0,0,1,2,401,4,137,10,0,0,0,0,0,2741,1750,83,0,28,1,304,3,19,0,0,0,0,0,0,2
sample_19,3,48,0,32,101,0,34,0,263,0,0,0,11,4,277,0,0,46,2,0,3,4,0,0,0,0,6,0,42,8,4,6,0,0,0,37,0,256,2,53,219,197,0,16,3,7,0,561,910,3,0,11,2,46,33,0,44,0,0,0,3,10,0,1,4,4,1324,15,0,0,16,0,24,43,687,1,25,4,8,0,0,1,1,3,0,0,7,142,5,5994,0,1,29,0,81,59,6,638,0,0,0,1637,132,3,15,1,27,0,0,5,68,1316,0,50,47,15,0,0,2,0,0,101,11,0,98,0,10
sample_20,54,12,13,52,20,0,64,32,33,2,3,1,17,3,59,0,2,2,1,8,0,111,0,0,5,2,3,29,3,33,8,2,213,0,3,20,0,12,9,0,162,11,0,4,6,1,0,16,0,0,1,73,0,239,2,7,0,2,346,0,38,9,17,58,0,0,26,3,0,0,18,140,30,13,118,10,14,0,0,0,9,0,62,14550,0,0,28,6,4,2125,0,11,40,2,140,0,0,59,0,13,0,0,50,0,2,5,33,2,0,51,0,420,1,11,0,4,27,0,2,0,10,16,16,7,25,0,19
sample_21,0,0,0,0,202,123,716,25,1476,0,4,0,1,0,1,3,0,0,3,0,0,0,7,0,21,8,2,0,4,165,0,0,0,60,0,5,0,30,0,79,4,36,0,29,71,31,0,133,0,76,4,0,16,3273,122,70,0,0,86,5,0,10,0,466,301,0,1,0,2,5,16,0,11,5,10,20,0,0,0,0,6,4,11,4,0,0,184,97,3,11654,18,30,0,2,93,6,0,0,11,0,1,466,337,2,0,0,1,0,0,61,442,38,41,32,108,26,0,0,4,0,0,0,279,0,0,14,22
sample_22,175,23,21,0,0,0,0,10,0,0,2,0,0,0,202,3,0,0,11055,1,0,0,0,0,8,6,19,0,2,0,0,13,30,7,1,4,5,13,19,135,0,75,0,0,0,0,0,2,19,6,0,44,2,7,1,0,5,12,155,2,0,30,31,53,78,0,5,7,0,0,1,5,6,31,500,0,0,0,7,0,0,5,172,0,0,0,16,5,0,46,0,0,15,4,514,0,1,4,0,0,0,647,1,0,51,0,0,14,0,9,332,620,289,4,0,1,30,0,2,0,25,8,6,98,11,0,18
sample_23,615,15,2,16,283,3,6,258,5,5,0,4,16,5,126,5,1,0,264,2,814,4,0,204,11,56,13,3,6,43,1,21,9,32,11,46,0,11,7,73,218,0,144,29,4,10,8,19,5,76,6,1,18,2690,34,14,6,17,254,5,6,148,0,1,129,150,67,3,13,0,9,9,38,18,313,32,5,33,15,26,3,3,362,5,0,13,5,13,6,13877,2,0,4,12,1210,22,5,289,0,0,1,117,431,4,14,58,0,0,1,9,290,152,0,9,44,20,23,217,10,1,12,14,17,12,510,1,13
sample_24,0,91,0,40,2,77,109,0,1,15,8,1,0,8,466,0,12,3,0,16,0,5,38,1,16,0,40,4,17,12,14,235,0,0,23,0,21,4,33,0,3,0,1,0,0,0,0,31,0,1,6,3,0,2867,0,83,0,0,442,1,0,30,0,379,1,160,342,13,0,4,0,0,280,3,1611,0,67,0,0,0,0,0,157,4,0,0,32,20,0,12,0,43,145,2,4428,0,0,6,16,13,0,0,1,0,71,0,0,373,0,325,0,245,289,6,0,0,0,2275,0,1,95,0,683,47,1142,21,2
sample_25,88,22,64,24,2,1,41,0,0,19,21,0,0,20,119,0,40,24,1,0,815,204,5,1086,27,6,301,66,12,328,0,103,100,0,19,3,44,3,12,66,4,22,99,0,0,0,54,8,468,0,8,30,61,3506,0,52,59,2,1184,0,206,196,7,415,2,12,108,3,2,36,1,289,134,16,475,0,31,3,15,26,0,0,31,2,0,112,433,14,0,31,5,23,205,45,1370,72,3,4,8,0,4,1,2,0,26,173,0,5,9,329,324,71,1,0,2,0,402,4,0,5,362,49,297,24,472,12,25
sample_26,0,0,0,0,264,0,10,5,135,17,0,1,0,8,0,262,0,0,4,8,1,53,4,52,8,0,791,2,0,0,0,14,13,0,3,12,0,5,13,216,0,1,4,33,0,10,2,3,230,0,7,13,0,4439,1,0,3,0,241,0,0,219,0,175,4,2,44,0,2,14,0,1,143,1,239,24,4,0,0,3,0,1,19,4,9,3,51,354,0,15430,0,0,5,1,96,0,0,6,0,12,1,2,411,33,2,0,0,0,0,21,0,325,0,2,0,24,26,2,2,23,2,14,16,0,64,0,0
sample_27,26,0,1,60,325,1313,11,5,0,58,1,1,1,0,0,2,5,8,2,21,0,0,2,6,6,0,2,0,0,22,8,0,1,6,3,3,7,0,4,0,31,0,0,24,7,16,0,0,0,4,0,0,5,11,6,27,0,15,170,0,0,4,0,0,12,73,0,0,52,1,3,0,0,0,1,33,70,37,1,0,2,2,26,0,3,0,13,0,0,16630,0,5,449,26,2,0,0,0,1,0,1,1,448,7,0,0,0,0,1,23,6,17,0,0,0,29,27,3,2,0,21,0,58,0,101,5,0
sample_28,166,25,0,14,203,42,43,1,102,0,3,6,14,2,74,1,6,33,4,10,1,7,2,107,12,1,4,0,5,48,8,60,3,56,22,14,0,14,2,96,179,86,0,19,105,23,7,29,0,79,4,3,2,1026,0,5,0,0,203,11,21,24,69,242,209,268,57,0,23,5,13,2,575,0,405,16,50,27,0,18,10,3,1,1,0,15,96,52,1,9578,0,10,19,5,1334,3,2,0,5,8,11,12,285,4,13,34,17,4,4,18,2,1132,55,0,96,13,0,608,5,0,0,0,15,0,1138,3,16
sample_29,4,53,0,0,133,15,50,3,2,0,0,0,5,39,133,1,7,0,1,0,1,5,0,5,4,0,4314,0,137,4,1,23,0,0,4,76,0,125,0,199,17,126,0,19,0,10,2,22,0,1,4,19,0,1857,0,14,17,0,35,0,0,351,0,0,4,11,109,0,14,17,0,0,143,90,61,10,9,9,0,0,0,4,2,140,0,0,4,35,0,7261,0,5,1,0,148,24,0,2,0,6,0,0,178,3,28,0,19,10,0,1,10,138,581,336,0,16,5,384,5,77,0,28,7,0,244,0,2
sample_30,1,13,0,14,169,0,29,43,51,0,0,1,5,5,19,1,0,1,3,10,0,8,4,3,0,0,74,0,0,33,0,41,0,2,0,0,12,0,0,104,32,2,0,15,2,23,2,0,5,9,1,0,0,582,6,17,0,0,0,5,0,2,2,0,43,0,2,0,67,0,6,0,3,3,59,32,0,0,2,0,1,0,0,2,6,0,41,3,0,16039,1,28,58,20,9,0,0,0,6,0,0,0,477,0,21,1,0,0,0,0,14,7,0,14,0,32,68,68,0,3,6,0,40,1,1,0,0
sample_31,4,0,1,0,349,0,65,1,9,0,0,1,1,0,1,0,0,0,0,0,1,3,2,0,0,0,5,0,0,3,20,1,0,1,0,0,28,3,10,1,16,10,0,35,20,24,0,14,0,1,0,0,18,13,0,2,0,0,24,0,0,0,0,0,0,360,0,0,37,8,3,1,0,0,1,20,132,5,0,0,3,1,2,1,0,0,60,0,0,17291,3,0,0,39,13,0,0,0,23,0,0,4,446,5,0,2,3,0,0,26,1,0,0,1,0,39,822,0,1,0,0,0,271,0,2,17,0
sample_32,35,1,0,0,389,0,58,3,11,14,3,0,0,2,0,3,12,0,1,0,0,117,2,38,1,32,173,4,7,27,2,0,0,12,2,0,0,20,3,36,7,0,0,28,1,38,3,9,0,5,0,1,9,9,7,10,59,1,99,1,132,0,49,0,21,13,1,0,17,0,4,58,0,21,1921,44,6,0,3,0,13,4,2744,91,50,1,33,0,0,20402,4,24,8,33,3,3,0,0,3,0,0,0,559,6,17,2,45,9,5,1,0,3,2,16,212,37,137,1,5,1,6,0,54,0,123,3,6
sample_33,0,13,5,90,51,522,186,76,65,4,0,0,2,0,44,1,5,19,43,3,0,2,5,175,1,6,2396,13,23,32,0,19,319,0,1,64,18,66,13,421,28,0,0,7,0,12,9,42,37,9,0,1,0,1376,0,15,1,0,185,0,0,127,8,47,1,27,9,0,103,79,0,2,26,50,99,6,10,0,1,1,9,2,91,2,2,11,6,0,2,3254,12,16,1,8,96,3,5,0,1,52,107,5153,100,7,0,3,16,7,209,5,5,23,1,66,360,3,0,2,1,36,24,0,18,0,202,3,3
sample_34,109,24,543,87,121,0,21,17,0,7,1,1,0,2,324,3,6,3,6,6,1,9,0,5,2,3,3,10,0,21,1,1,101,5,0,13,5,1,8,0,12,119,28,14,6,6,0,4,618,12,0,270,8,3600,8,17,0,2,33,2,4,181,47,1128,16,13,722,20,13,0,1,1,0,7,1077,2,22,5,5,0,10,3,0,768,20,2,64,5,1,5699,3,5,61,0,2,6,0,0,2,0,216,227,158,10,100,24,86,0,6,0,39,17,487,7,0,7,18,2,1,0,18,8,15,1,83,0,6
sample_35,4,5,0,104,8,5,0,0,164,0,0,0,1,0,2,0,0,1,1,0,212,0,3,14,0,0,10208,0,0,30,0,41,17,0,0,8,65,9,9,104,7,1,44,1,2,0,1,73,18,0,4,6,0,2069,1,37,13,0,13,0,0,330,0,67,2,2,33,0,3,0,0,1,16,0,4,0,5,0,0,0,0,0,4,1,18,1,179,763,0,211,7,3,3,0,178,0,0,2,0,5,101,6251,5,0,103,0,0,52,1,52,0,32,0,409,27,0,20,0,0,97,2,42,25,0,8,0,0
sample_36,1341,15,2,18,4,1,5,0,175,0,0,0,20,0,117,0,3,0,0,0,105,38,1,5,36,424,94,72,0,49,1,8,255,1,34,4,19,0,4,0,167,6,117,0,300,0,0,0,60,0,0,58,204,122,121,24,17,53,797,0,36,50,2,65,3,205,15,5,16,0,24,2,3,29,453,0,28,0,17,64,51,0,134,4,22,2,36,0,13,60,13,3,70,0,547,0,0,47,3,1,937,0,5,1,10,449,61,0,36,13,107,2578,0,0,40,0,21,0,0,0,145,64,25,35,2257,3,0
sample_37,157,57,2208,17,0,0,8,5,0,0,0,0,0,22,273,0,0,92,0,5,2,0,0,1,3,43,18,116,12,2,0,15,0,0,2,47,0,3,3,157,0,514,0,0,83,0,0,51,0,0,6,155,8,4246,0,3,57,3,160,0,50,137,0,1588,2,0,601,13,21,17,11,197,25,5,476,0,6,2,7,9,0,0,1067,0,5,0,13,113,1,18,2,17,16,0,946,20,0,4,0,0,407,0,2,0,29,3,0,11,0,0,0,301,521,1,0,0,0,0,0,1,12,782,21,0,46,0,0
sample_38,14,33,0,20,0,0,7,2,113,19,0,13,1,5,59,3,16,0,24,0,426,14,0,293,8,20,309,0,0,19,0,19,0,360,4,0,0,29,7,258,29,14,0,0,15,0,18,83,126,3,0,2,26,882,8,4,0,1,131,190,168,92,34,51,10285,85,174,1,48,0,10,68,34,13,69,0,17,0,1,0,39,10,0,1,0,11,16,160,0,35,51,6,14,0,308,1,0,1,2,0,0,51,2,0,50,0,4,6,0,5,0,38,1,0,28,0,1,23,2,6,0,0,35,0,100,0,5
sample_39,3,2,9,14,205,0,108,7,49,35,8,1,0,16,17,1,2,0,80,18,246,3,0,40,1,5,86,7,0,106,1,3,14,5,0,4,14,0,6,40,9,0,13,21,4,14,1,6,20,36,0,0,2,873,0,92,0,1,10,2,20,63,3,22,36,7,13,2,268,7,0,0,39,0,36,26,65,33,0,2,16,0,42,368,21,0,265,5,0,11886,31,31,29,62,38,0,27,14,1,94,1,0,344,9,16,11,14,10,0,119,0,555,0,3,179,14,111,70,3,8,0,4,8,0,38,1,0
sample_40,98,12,6,28,0,10,35,119,96,4,1,38,12,0,86,2,15,0,19,0,1,0,1,19,15,47,2,18,0,47,2,33,25,347,17,0,2,0,7,44,244,48,65,0,169,0,0,0,0,0,3,61,6,1119,11,81,19,11,540,198,76,23,14,0,9337,138,79,1,0,0,45,12,50,9,63,0,6,1,9,9,0,7,310,13,32,2,7,0,2,35,0,6,9,0,1471,0,0,1,0,0,345,32,3,0,34,12,27,0,35,0,45,2737,1,0,239,0,0,2,2,1,10,36,17,0,691,3,3
sample_41,712,21,208,18,1,267,64,133,100,861,3,0,69,72,82,0,57,30,1,109,480,128,2,133,48,1,111,57,3,17,3,29,155,1,36,44,7,2,7,0,704,3,427,0,840,0,8,10,103,0,2,0,72,1222,200,15,13,38,1130,0,19,74,401,8,3,591,204,2,159,87,123,13,1,0,339,0,20,71,38,21,240,0,135,2,2,26,43,14,22,116,9,7,18,45,811,0,0,2,0,1,1983,0,4,0,8,43,209,0,155,24,191,1603,1,2,140,0,76,1190,0,4,57,67,35,55,1699,1,23
sample_42,14,6,580,6,147,1,11,1,84,0,1,1,2,3,91,0,0,4,2,4,335,0,1,76,49,0,7,0,6,4,0,2,90,0,16,0,2,2,8,1,30,15,55,12,7,6,5,0,404,2,4,1,18,4010,52,13,8,0,578,0,0,129,71,0,1,9,105,0,0,0,2,0,49,0,67,22,9,0,0,0,1,0,88,62,65,5,15,0,1,7525,3,10,1,1,520,10,0,0,2,5,0,447,207,1,8,4,3,13,7,2,0,807,0,3,0,10,0,47,1,0,63,10,12,0,390,3,8
sample_43,72,98,8,0,286,0,19,6,1,2,0,1,0,0,543,2,0,1,97,0,2,0,0,1,2,79,9,0,2,0,0,3,54,11,16,10,0,2,16,0,1,125,0,28,46,13,0,25,0,68,0,1,0,7,28,0,19,3,332,3,224,0,9,2,58,0,72,11,0,4,6,0,49,3,92,39,5,0,0,0,1,2,278,67,0,0,0,0,4,14762,0,0,0,0,96,0,0,3,0,0,0,10,379,4,27,32,0,14,0,0,0,0,196,1,0,31,21,1,5,0,21,6,0,0,94,0,11
sample_44,53,2,1,0,332,12,14,104,0,5,0,2,0,3,11,3,1,3,3,0,0,1,0,31,0,2,18,2,0,0,8,42,14,101,1,4,4,0,11,94,12,21,4,32,16,15,3,14,70,239,0,0,4,48,1,5,6,1,38,32,2,0,26,47,309,33,14,1,1,1,5,0,2,0,39,13,10,15,1,0,1,70,137,12,0,4,13,0,3,17042,15,3,18,3,615,1,0,0,1,0,168,22,472,11,0,0,23,0,14,3,1,22,88,1,38,25,14,314,5,0,0,10,14,2,44,3,0
sample_45,71,1,0,33,0,0,96,0,1,40,3,0,23,28,2,0,42,129,2,10,1,22,2,60,11,2,8,0,7,71,8,66,0,0,25,0,0,4,19,0,244,0,468,0,122,0,0,34,0,0,5,3,10,2765,0,4,0,0,733,0,4,9,81,832,1,892,323,0,7,0,44,1,2,8,950,0,46,8,22,0,68,0,236,1,0,7,45,5,12,11,17,60,56,4,3486,4,0,12,4,14,0,561,1,0,10,13,103,19,78,5,466,1601,0,10,273,0,0,3,0,3,56,0,54,10,468,11,23
sample_46,276,3,98,55,157,91,34,1,3,0,3,0,28,18,31,1,38,8,9,8,0,12,5,135,16,29,0,80,6,44,16,3,646,0,5,90,59,0,10,0,242,8,134,20,37,15,7,22,12,2,0,111,0,568,18,81,7,1,239,0,116,2,0,240,1,165,202,0,7,0,27,71,12,0,36,24,161,28,19,6,10,3,219,2,28,10,116,0,2,9776,121,13,21,12,663,12,11,3,0,0,0,0,301,0,0,2,52,5,38,4,10,29,0,3,0,18,296,2,1,0,9,40,58,10,368,10,11
sample_47,0,16,1,1,88,4,5,0,253,0,0,0,0,0,224,1,0,28,0,0,0,0,0,23,0,0,11,6,0,3,0,0,0,0,0,32,0,0,3,65,0,43,7,6,2,4,2,42,2,11,0,87,0,2,0,2,55,0,4,0,0,142,0,273,0,0,83,10,53,4,0,2,2066,8,196,8,0,28,2,0,0,0,0,2,1,0,3,56,0,4157,0,4,0,2,8,0,0,0,0,0,0,0,131,8,53,0,0,7,1,0,0,907,3335,42,58,9,3,1,4,1,0,14,1,0,10,0,0
sample_48,6,7,0,3,118,0,8,0,0,1,0,20,2,0,65,13,5,3,26,1,1,22,0,1,2,0,260,7,0,2,1,93,0,809,0,1,2,3,3,45,5,75,9,5,3,1,0,6,0,920,3,25,5,2328,0,8,0,0,78,165,60,44,0,79,4496,3,117,2,0,1,0,0,7,0,530,8,8,0,0,0,0,17,0,470,0,0,21,0,0,6705,2,0,0,8,666,2,2,3,8,0,46,1,191,19,24,1,11,0,3,4,0,142,3,8,8,12,3,382,11,6,0,27,47,0,11,5,0
sample_49,14,3,0,4,21,0,5,2,3,0,0,24,0,5,17,3,2,0,23,0,21,0,3,25,9,7,37,4,6,19,0,7,174,436,11,0,1,1,2,0,10,0,12,2,0,4,1,11,6,218,0,0,0,58,6,0,0,2,147,223,0,1,4,1,10732,12,22,5,32,0,0,0,8,13,468,0,17,0,63,0,0,5,1,0,0,3,0,0,0,827,33,0,9,2,34,8,0,1,5,4,0,1343,32,2,9,3,3,7,0,1,1,3,1,1,59,1,11,0,3,0,1,0,68,23,149,3,3
sample_50,45,3,0,39,273,0,11,0,77,3,2,0,7,24,48,4,0,3,0,0,0,33,4,22,2,3,0,35,0,3,0,3,220,1,0,13,0,0,0,0,66,3,69,24,10,11,21,1,14,1,0,2,27,381,0,0,0,1,50,0,3,6,11,25,2,10,236,2,1,0,14,64,0,0,251,16,13,0,1,14,1,4,1,2,6,2,16,1,2,14015,0,2,8,15,164,1,0,0,0,0,26,1,346,6,4,1,11,3,4,10,6,19,0,0,85,21,18,6,2,0,29,0,15,1,60,4,0
sample_51,325,31,858,0,94,1,63,19,507,8,5,3,0,3,191,0,31,16,1,25,0,0,0,10,8,0,186,9,0,32,3,10,171,26,9,5,11,0,8,72,6,62,2,5,26,8,0,2,207,80,1,0,2,1553,29,3,24,11,218,3,0,57,52,43,132,88,0,3,63,0,4,0,276,12,82,15,23,8,0,3,119,29,148,1169,21,0,62,3,1,4928,13,6,74,3,398,6,30,6,4,0,0,1,138,4,3,4,184,0,0,28,0,88,1,1,128,7,85,5,5,3,35,96,103,3,49,2,8
sample_52,499,122,0,1,190,1,7,19,303,5,0,8,0,1,764,6,9,0,8,6,0,0,0,2,12,15,15,0,7,0,0,37,0,492,11,0,0,0,0,96,1,0,1,16,0,10,0,50,245,538,5,4,25,1431,0,1,15,18,221,217,0,106,0,162,2224,0,201,8,5,0,0,0,57,13,196,19,5,0,0,0,0,6,28,31,0,0,0,2,0,10068,12,8,1,49,718,0,0,0,0,3,0,1935,266,13,29,0,2,0,0,0,0,60,273,10,40,25,1,390,3,0,4,30,3,0,221,0,18
sample_53,1271,3,0,11,78,14,16,0,1,5,1,13,3,2,8,2,0,3,1996,0,1,133,0,48,18,9,15,4,0,2,0,50,59,94,21,11,4,0,4,0,28,136,30,9,113,1,2,1,282,393,0,4,9,6,68,14,34,52,365,24,22,55,3,388,679,20,153,1,5,0,9,122,349,0,671,7,0,13,2,4,75,8,328,388,58,11,6,0,2,4244,0,3,9,2,2067,0,1,4,0,0,591,2739,139,5,60,25,0,0,20,3,8,1502,853,2,0,4,25,0,4,1,10,60,13,6,645,2,1
sample_54,45,0,3,56,188,1004,20,0,1,10,6,1,6,4,0,1,3,2,1,3,0,1,4,50,5,0,0,21,0,41,19,0,78,1,8,4,8,0,17,0,168,0,44,14,4,15,4,2,0,2,0,0,0,7,14,49,0,0,294,0,10,0,33,2,1,62,3,0,4,0,27,4,0,15,2,15,115,0,8,4,3,3,0,2,7,7,70,0,13,10089,1,17,16,19,3,0,4,0,4,11,48,26,270,5,0,9,0,12,35,9,0,1,0,1,63,13,74,0,1,0,17,1,72,13,329,1,1
sample_55,1,25,6,14,145,3,34,31,37,3,3,0,6,22,2,1,2,2,3,20,12,0,1,74,0,0,35,9,0,24,2,2,359,1,1,0,5,0,1,14,102,0,162,12,3,8,3,0,22,2,0,0,3,1171,0,8,3,0,27,0,0,17,0,101,1,297,16,1,17,5,4,12,37,0,241,10,19,0,0,1,0,1,84,103,17,5,38,0,5,7378,2,1,15,0,68,0,0,0,2,6,1779,0,205,2,15,0,0,5,11,19,5,18,0,0,18,16,11,50,0,1,1,34,83,22,231,5,3
sample_56,33,13,92,12,210,27,21,0,42,0,0,2,1,2,66,2,8,0,10,0,0,1,0,2,0,1,1319,26,18,0,0,69,18,1,4,9,3,2,1,34,24,3,75,17,1,16,0,2,4,1,0,2,3,8,36,11,0,4,48,1,3,82,66,1,12,11,23,4,12,0,1,0,3,21,225,17,3,9,10,5,6,4,2,2,6,1,5,7,0,10637,5,1,22,3,505,2,0,1,0,2,578,1,270,1,17,0,16,2,0,4,1,1007,29,5,236,22,5,129,1,35,9,1,6,7,179,1,2
sample_57,474,70,0,11,261,0,87,0,0,7,0,4,3,17,360,3,0,19,4,11,0,0,2,110,65,0,857,54,5,23,3,47,0,32,15,0,7,38,8,54,28,6,0,32,8,21,4,32,3,23,3,0,213,2453,103,6,40,11,1334,4,356,139,0,2,103,309,0,17,0,4,9,1,153,7,696,20,12,15,69,53,0,3,467,0,0,24,18,1,0,12376,0,16,81,0,403,60,0,0,0,0,0,0,352,11,28,43,0,0,15,32,169,126,16,31,1,26,0,0,87,18,60,0,78,73,34,2,6
sample_58,19,73,1236,6,3,117,10,259,1,0,2,2,19,2,442,0,11,3,3,5,131,81,3,22,4,0,40,36,0,63,7,38,55,26,13,14,16,1,4,10,252,8,36,0,8,0,0,6,276,0,4,15,20,1392,96,58,12,6,141,2,0,123,0,351,410,141,49,16,49,5,14,0,0,6,793,0,40,11,8,5,0,2,311,16462,8,0,81,0,12,9,5,18,11,7,529,0,41,1,2,3,320,68,1,0,305,3,0,1,81,22,1,718,2,10,130,0,58,0,1,0,5,26,89,4,656,0,11
sample_59,50,14,16,4,181,0,6,0,221,0,0,2,5,3,42,710,0,18,2,0,3,81,2,7,1,0,3,1,0,20,0,7,1,0,0,0,6,7,0,238,19,0,6,9,1,14,0,9,48,75,7,2,20,2096,102,0,2,0,31,1,21,18,0,38,2,6,274,0,3,1,3,5,10,2,192,12,2,0,16,0,0,2,58,2628,0,0,4,0,0,9065,0,6,39,3,659,8,3,37,1,2,1,13,252,79,4,1,1,4,0,0,2,3825,1,4,0,24,41,0,1,0,18,1,38,2,9,0,4
sample_60,165,9,0,71,1,1,106,0,141,0,4,1,0,38,51,0,14,6,0,51,1,18,0,292,11,29,192,63,2,244,4,57,555,0,3,445,21,1,79,100,5,134,141,0,17,0,16,7,0,0,3,6,40,1590,0,55,14,5,326,0,5,25,158,569,2,177,134,0,62,0,10,19,33,23,101,0,31,20,74,9,0,0,72,1,28,14,113,0,1,53,0,114,124,110,1751,69,1,0,4,21,0,0,3,4,10,56,169,0,41,1,0,3019,1,13,7,0,19,1020,0,9,33,140,110,15,120,11,0
sample_61,161,7,0,11,291,0,0,60,1,2,0,1,2,2,49,16,0,0,1,0,22,0,2,11,11,0,6,0,5,28,5,1,0,54,13,15,1,0,0,36,15,0,0,29,0,19,0,0,0,73,1,0,3,739,2,18,0,7,515,38,0,7,0,1,376,28,53,0,15,0,0,0,8,2,102,12,41,36,4,0,0,4,225,4078,0,0,6,1,0,14679,2,7,5,14,831,3,2,205,0,0,0,160,450,11,2,0,0,0,0,8,42,62,1,5,39,31,15,7,3,0,0,0,7,0,430,0,4
sample_62,0,11,0,3,100,486,37,0,422,31,6,2,0,10,96,1,7,0,4,9,0,0,0,0,5,0,26,0,0,150,3,31,231,0,5,38,0,9,6,1,1,1,0,19,0,3,0,61,39,0,5,3,38,2665,353,43,8,0,147,0,0,51,12,3,5,4,238,2,0,0,3,0,21,0,152,9,30,2,0,0,0,0,112,125,0,0,45,0,0,4594,3,24,64,1,739,13,0,0,2,0,1,0,118,1,214,0,0,6,0,86,0,840,28,5,308,4,51,132,1,0,43,99,91,0,92,0,15
sample_63,650,44,0,23,57,2,5,0,0,0,16,1,13,11,376,1,1,0,1,0,3,7,1,0,26,2,75,0,0,43,10,0,0,0,8,20,0,6,13,0,120,0,0,6,2,1,0,18,6,0,5,0,87,1421,109,6,0,15,477,0,3,102,382,3,1,161,0,2,4,6,4,9,0,14,33,8,52,8,7,7,16,1,3,28,0,1,35,3,4,2513,81,22,111,0,9,0,16,0,0,5,385,176,85,3,84,3,197,0,187,40,0,1374,137,0,36,0,75,3347,0,167,41,59,18,1,313,0,0
sample_64,3,28,139,50,148,0,39,5,86,0,3,0,1,12,158,1,10,7,1,0,143,9,0,136,3,0,5,32,0,102,0,19,166,1,2,0,18,1,7,0,11,18,73,22,10,6,8,9,0,16,2,0,95,1003,15,14,2,3,96,1,49,37,45,155,2,74,40,0,46,0,5,126,132,25,27,13,20,4,9,9,19,3,0,2,20,5,31,6,0,8727,24,7,82,1,315,0,6,0,2,1,417,1,252,2,0,6,60,4,1,18,4,48,1,7,0,21,171,1,1,0,17,35,69,2,155,0,12
sample_65,2,9,6,45,247,319,6,11,1,38,0,1,0,23,108,1,13,0,2,9,0,6,2,51,8,6,1,28,2,24,3,5,38,4,23,0,7,11,21,1,24,42,99,24,2,27,2,18,441,5,2,8,11,1353,8,184,28,0,385,1,0,19,20,0,8,165,236,8,14,0,3,11,5,35,344,29,40,36,9,10,0,2,2,2,16,3,73,1,0,12700,0,65,52,16,161,0,0,0,3,10,3,1,337,11,9,0,9,0,39,3,245,1157,29,4,0,23,72,0,2,0,31,15,56,5,721,3,12
sample_66,150,33,0,54,2,35,124,0,360,0,8,0,47,89,265,0,0,0,1,34,1,79,9,0,2,0,2505,0,13,24,2,50,0,0,0,0,0,33,32,0,59,0,1,0,2,0,0,69,0,1,1,2,72,1425,2,22,0,2,57,0,2,58,181,0,3,0,273,8,15,0,11,0,159,0,1114,0,39,1,32,2,0,0,1205,1,0,0,75,0,6,12,1,86,319,3,994,0,20,9,12,16,0,0,1,0,34,30,321,21,0,16,167,66,116,7,0,0,149,0,0,20,153,0,589,13,1,27,3
sample_67,125,91,260,6,192,13,21,0,112,22,2,0,2,7,354,4,1,9,3,0,508,11,7,36,9,3,142,25,0,49,0,59,0,4,0,17,8,0,10,77,59,122,15,21,1,15,2,16,170,3,4,1,3,1633,77,36,40,5,326,1,43,161,96,315,3,23,129,13,32,0,6,21,23,9,377,17,10,0,2,6,0,2,0,2237,8,8,31,0,3,8783,20,9,17,0,772,15,0,115,1,0,148,21,219,8,341,0,34,2,14,4,6,219,45,0,0,22,31,229,3,13,15,79,38,0,63,4,0
sample_68,24,45,0,0,68,0,1,1,0,0,0,0,5,2,340,0,0,0,0,0,0,0,0,1,0,0,5,0,11,0,0,0,3,2,0,0,0,27,0,0,8,1,0,2,1,3,0,375,0,1,3,28,0,5152,104,0,0,0,62,0,0,266,0,1,2,0,2468,11,7,0,1,2,3704,4,396,4,0,8,0,0,0,0,0,3,0,22,13,0,0,3576,0,0,0,1,4,0,0,0,0,0,0,1,94,0,44,64,0,0,0,0,1,15,1125,17,0,10,0,0,0,0,0,0,7,0,0,0,33
sample_69,0,85,0,0,0,0,3,11,1,28,0,0,0,64,305,0,0,0,2,9,1,23,2,0,7,0,734,0,27,66,0,103,1,0,0,0,0,87,5,0,0,71,0,0,12,0,0,272,1,0,15,42,73,6491,0,37,15,0,179,0,82,103,0,243,2,0,283,10,0,9,2,20,581,9,449,0,0,0,139,70,0,0,349,2,0,0,24,136,0,10,27,7,0,3,4224,0,0,13,1,0,0,0,2,0,14,11,0,0,0,5,0,2422,1,2,0,0,0,391,0,27,24,46,106,106,0,1,5
sample_70,0,26,0,78,123,87,17,0,0,0,0,0,0,25,172,0,0,0,1,0,0,18,2,77,0,2,7,122,22,9,8,5,745,0,0,0,72,94,22,0,0,1,1,14,9,8,4,36,404,0,0,2,57,2320,133,4,23,0,1,0,0,37,10,267,1,45,569,1,5,0,1,0,0,79,210,12,46,6,0,0,28,0,264,0,60,0,20,1,0,6704,77,2,40,9,145,0,0,3,1,47,0,0,207,0,8,4,12,4,1,0,578,51,1,39,30,16,12,0,1,0,0,0,19,6,211,3,5
sample_71,557,9,168,7,41,91,80,9,99,13,0,0,10,5,54,1,29,2,11,11,209,7,0,858,11,40,66,97,0,21,14,5,327,6,9,19,11,0,4,11,108,35,301,2,45,1,33,18,363,2,0,9,230,1437,1,14,40,28,312,2,297,68,18,230,26,0,45,0,24,4,14,12,79,0,62,2,27,25,16,22,32,2,106,582,31,121,25,0,3,2209,15,10,70,2,302,8,0,0,1,1,430,60,69,0,6,0,9,6,45,11,94,438,5,0,116,3,38,0,0,0,65,223,25,6,290,1,5
sample_72,7,35,0,18,238,93,13,0,80,7,6,2,14,0,157,3,48,0,2,9,262,59,1,82,18,6,431,89,13,10,15,63,153,0,14,41,2,12,0,1,341,96,117,22,87,26,33,35,0,0,4,391,62,4245,2,27,40,6,412,0,114,161,14,561,5,588,135,11,24,0,49,0,2279,18,1006,30,44,6,0,111,13,2,1,2099,149,19,73,3,12,12597,0,0,43,9,548,1,10,3,5,1,0,1,372,10,265,0,2,0,6,11,91,104,1,3,179,23,23,1206,2,13,31,20,46,1,1108,0,8
sample_73,97,168,3,22,60,1,4,14,122,1,5,0,0,8,847,0,13,0,26,0,1,2,0,0,48,1,459,10,7,34,0,36,0,3,6,0,12,2,7,36,2,0,1,5,1,1,0,2,1,4,5,53,0,2617,1,1,41,1,2235,1,0,127,1,0,17,0,20,1,25,2,0,0,66,6,109,5,0,0,3,2,0,2,4,8,2,0,853,153,0,2815,0,14,63,3,807,9,1,58,1,0,1,12,84,0,15,0,29,0,0,11,3,124,3,10,0,4,44,259,1,9,1,39,85,0,14,0,4
sample_74,59,44,1,23,65,1,198,1,0,3,0,0,0,0,201,0,28,309,20,1,0,1,0,17,0,1,1,78,8,162,0,37,109,0,0,24,0,14,28,0,76,14,264,10,0,10,0,116,487,9,8,2,2,3113,0,98,22,4,151,0,8,50,5,278,1,103,143,4,0,3,5,3,877,82,106,9,12,0,0,0,2,0,2,7,33,0,31,68,0,4387,0,34,4,513,683,5,34,1,0,20,0,0,108,1,2,0,0,0,19,25,73,664,0,1,0,5,1,0,0,0,0,36,8,0,21,0,3
sample_75,159,17,759,119,0,0,673,2105,18,4,9,1,31,47,79,0,37,12,7,1,251,97,0,131,8,20,124,10,2,169,63,4,1,7,12,23,0,19,65,0,240,0,0,0,70,0,4,11,176,0,3,141,135,2207,106,26,0,3,176,2,10,64,107,1,97,17,13,2,307,20,64,8,32,20,77,0,411,4,14,13,0,0,27,8,18,17,372,0,14,33,13,78,306,132,49,2,52,0,3,32,1,206,5,0,289,100,624,4,2,91,3,12,1,2,95,0,1395,461,0,0,68,0,63,5,1204,14,0
sample_76,99,35,0,6,84,0,24,7,18,0,0,3,0,3,270,3,0,1,3,22,1,10,3,27,0,0,2,0,0,3,0,8,0,28,0,2,2,10,0,114,2,0,0,11,15,10,4,0,0,43,7,5,1,2217,0,0,0,5,0,16,1,122,50,1,203,0,80,6,0,0,3,2,7,4,270,12,8,0,1,5,0,2,60,7468,0,0,20,0,0,4446,0,0,8,1,304,0,0,0,1,0,5,33,113,8,18,0,86,0,0,0,0,2537,96,0,0,12,19,0,9,0,2,0,34,21,0,0,1
sample_77,278,111,5,163,14,73,225,2,1,1,12,0,16,67,583,0,35,78,15,0,0,150,20,969,2,82,335,110,18,83,9,67,789,1,3,1,44,8,54,0,240,1,288,1,13,0,44,16,0,1,0,0,4,36,0,21,0,3,11,0,54,155,0,6,47,921,1,9,283,48,20,0,1,21,449,1,13,124,79,1,331,0,5,10,0,19,185,1,14,912,453,34,82,37,2666,98,47,2,4,0,1,4805,38,0,29,7,0,65,3695,36,0,6865,53,25,66,1,0,2,0,11,59,2,278,3,638,9,12
sample_78,12,4,0,8,11,15,13,5,49,6,0,55,2,2,11,2,2,0,11047,5,179,0,0,2,0,2,3,3,0,22,6,5,0,178,0,0,0,0,8,131,30,20,9,2,4,2,0,0,35,211,0,2,5,1615,0,12,0,0,45,75,1,64,1,154,3952,32,23,1,16,0,7,11,17,0,145,0,31,21,1,0,1,7,22,91,0,0,54,1,0,463,4,5,35,91,278,0,1,1,1,1,29,3,16,4,2,0,2,5,1,11,6,359,0,0,0,1,32,21,111,0,4,11,25,0,16,0,2
sample_79,57,75,0,31,177,5,13,0,146,3,0,0,2,5,458,1,161,32,15,0,46,177,2,33,4,11,771,35,0,236,0,32,2,0,7,70,4,6,3,98,46,26,50,14,0,10,0,4,262,2,5,196,3,2349,18,27,13,0,158,0,16,138,6,316,1,21,172,9,3,0,7,11,53,3,249,6,23,3,18,28,1,1,0,80,3,4,2,13,6,8587,6,9,25,84,388,0,0,2,0,3,0,3,203,8,54,28,38,3,4,34,188,76,358,12,0,10,48,518,5,31,3,16,25,3,107,16,2
sample_80,6,28,0,10,139,0,5,0,93,4,0,1,0,2,81,1,2,9,2,0,65,1,1,14,1,20,224,253,0,2,0,46,17,0,0,74,0,11,6,20,5,7,37,8,0,0,0,1,421,0,2,20,0,2021,1,9,19,0,12,0,23,49,0,297,3,2,101,10,0,0,0,0,29,3,1468,5,9,0,1,5,0,2,64,344,0,0,14,0,0,5860,10,0,1,0,467,0,6,0,0,3,0,632,162,11,48,0,0,0,0,5,49,463,1,1,4,11,4,452,2,11,2,14,17,6,205,1,2
sample_81,95,26,1,0,48,1,224,72,435,4,2,0,0,38,138,0,9,368,5,0,1157,2,15,114,190,33,7,94,14,14,3,62,1,36,175,73,44,59,45,248,2,0,0,7,0,3,4,47,194,32,0,6,17,20,0,29,3,4,6126,13,9,223,21,47,296,0,420,0,0,62,0,3,30,44,66,8,0,0,9,0,7,0,21,7,62,53,22,599,0,2275,124,43,15,2,1275,19,29,8,10,146,1,0,53,6,16,1,8,0,0,3,5,3088,0,63,17,4,150,316,2,0,3,74,288,3,2715,13,7
sample_82,93,27,0,37,5,1658,42,0,0,67,0,0,20,31,69,0,37,8,0,124,148,32,7,129,46,0,168,33,0,77,32,80,1,5,79,6,11,6,57,400,263,0,329,0,361,0,1,69,533,1,2,30,107,1315,69,110,11,16,1943,1,13,54,57,0,3,111,118,12,5,12,106,49,556,4,1211,0,257,21,54,35,116,0,103,0,0,32,50,1,11,73,4,6,127,0,1556,0,6,5,3,176,1547,0,5,1,29,2,0,8,113,9,18,523,0,23,144,0,95,1,0,0,56,93,74,28,1768,5,7
sample_83,79,5,0,22,295,5,4,1,539,0,0,0,32,2,39,3,2,8,6,37,2,50,0,34,7,1,688,0,0,3,0,75,0,16,4,8,3,15,0,3,404,2,174,34,123,36,1,55,1474,20,0,1,6,2219,40,6,38,5,84,9,21,98,4,571,48,63,199,1,0,0,27,0,36,7,255,21,5,19,9,11,13,5,205,3,1,5,11,4,3,14393,0,4,22,0,838,2,16,59,2,4,11,0,415,3,265,0,4,1,0,1,23,110,190,6,38,23,10,1623,13,16,3,53,14,0,227,0,21
sample_84,11,1,0,1,254,0,0,10,233,0,0,2,0,8,1,3,0,0,2348,0,0,0,0,0,7,0,8,0,53,0,0,2154,133,2,0,192,0,4,0,1,1,691,0,16,9,19,0,34,0,489,2,9,0,2484,0,9,0,1,191,2,0,2,0,3,1,0,37,0,2,21,4,0,86,16,474,19,0,0,0,0,0,4,99,5,0,0,0,22,0,13211,0,4,30,7,520,0,0,1,0,5,0,588,336,111,4,0,0,0,0,0,581,68,0,9,0,37,0,0,10,0,0,0,23,0,0,0,3
sample_85,743,10,0,121,1,387,42,0,213,20,5,0,379,236,78,0,116,11,0,22,0,186,25,348,110,7,232,107,2,23,3,105,11,0,95,8,15,5,29,2,4987,16,481,0,342,0,20,11,103,0,4,44,68,2176,39,26,15,22,3237,0,57,55,3,367,0,850,73,2,15,32,122,4,154,25,161,0,45,21,48,13,41,0,1,1,13,44,83,13,55,17,8,5,46,14,707,0,5,0,6,109,465,146,5,0,116,62,10,211,33,3,1,84,6,8,910,0,104,391,0,4,149,67,95,8,2129,16,8
sample_86,14,4,4,53,258,19,5,5,17,0,0,2,2,6,15,2,9,3,1,6,62,0,5,98,6,3,367,17,0,23,0,26,469,10,1,15,0,2,11,0,36,22,125,27,9,12,7,4,222,28,0,63,0,8,49,62,1,1,168,2,7,38,0,139,42,78,316,0,40,0,5,75,0,0,70,27,19,0,11,5,0,0,9,375,10,3,14,13,0,12868,0,11,3,3,370,2,9,1,1,10,20,87,351,2,5,0,11,11,14,2,12,927,1,2,0,18,18,41,1,16,8,84,39,7,113,2,7
sample_87,12,9,59,9,0,1,0,3,9,5,3,15,1,7,13,0,0,0,10766,5,144,3,1,25,7,0,38,0,0,6,1,0,0,12,3,3,2,1,14,21,38,52,23,0,2,0,1,0,3,33,0,0,9,267,0,9,10,0,119,6,1,9,0,111,225,22,31,0,0,0,3,7,0,4,38,0,2,0,0,0,0,5,14,0,0,2,5,0,0,81,0,7,5,0,45,0,11,0,0,0,706,1,5,2,25,1,17,0,4,5,0,25,0,0,7,0,13,13,4,3,0,0,0,0,44,0,0
sample_88,64,185,1,35,5,58,6,0,0,8,5,2,7,9,310,1,2,17,6250,5,0,10,6,43,2,0,5542,11,8,46,15,561,0,0,8,24,17,70,9,0,164,8,60,0,2,0,0,76,0,132,0,6,0,23,16,63,2,2,121,0,9,339,0,578,7,11,733,10,61,0,14,1,241,25,549,0,96,16,4,2,10,6,134,3,7,2,137,74,10,407,0,16,31,0,3042,0,1,38,0,0,0,0,15,0,41,0,0,14,2,8,64,1728,191,38,0,0,226,2,2,160,0,3,86,0,375,1,6
sample_89,0,25,1,38,222,1,36,477,301,23,1,0,1,28,62,2,7,0,4,5,0,62,3,16,44,1,458,1,1,13,0,66,13,1,34,19,5,4,16,670,16,5,55,21,1,20,2,9,20,0,2,231,10,1254,34,10,9,0,1695,0,5,40,18,336,2,23,379,4,0,14,3,24,8,0,159,20,12,0,0,16,1,1,41,4,5,10,15,33,0,10409,0,16,5,5,946,51,9,1,0,1,0,3,279,5,6,19,60,28,13,25,2,83,0,4,20,9,47,84,4,15,34,21,62,11,633,0,15
sample_90,82,118,221,73,7,26,10,5,0,1,6,0,180,43,301,0,6,10,0,22,0,38,10,24,45,7,1,79,0,75,0,26,31,0,16,44,4,3,1,1,298,8,60,0,97,0,2,3,461,1,5,2,19,3097,41,50,0,4,334,0,31,45,0,0,3,71,147,6,37,0,55,29,612,0,212,0,35,1,30,0,4,0,0,2,6,5,173,0,13,193,21,23,69,0,2866,0,3,2,3,18,0,112,3,0,11,15,0,8,6,14,0,1695,30,1,0,0,44,0,0,0,11,62,103,6,495,7,5
sample_91,40,22,0,2,124,0,1,7,0,0,0,27,0,2,74,1,0,2,120,0,193,0,0,19,6,2,7,0,0,13,0,25,0,29,2,5,0,0,5,266,57,0,7,10,0,6,0,1,1,370,0,0,4,859,14,1,3,5,106,9,3,36,0,0,127,16,35,0,1,0,2,4,33,0,151,16,7,4,2,0,0,142,594,1711,0,3,1,9,0,5137,0,5,2,13,1245,0,1,519,0,0,0,265,144,9,4,2,0,0,0,1,107,115,1,6,21,9,9,41,5,0,2,3,7,2,35,0,5
sample_92,47,2,187,17,17,0,103,12,251,5,0,2,0,3,25,0,109,3,2,0,0,0,3,12,5,37,1062,14,0,29,0,0,61,1,0,8,33,14,5,11,4,12,57,1,16,1,0,29,616,2,2,1,0,963,5,5,16,1,36,1,0,67,35,190,16,20,161,0,24,0,0,45,72,64,21,5,20,1,0,0,45,2,46,292,18,0,18,1129,0,1139,17,10,33,5,103,1,23,0,0,0,538,2858,55,1,3,0,61,0,76,6,1,238,0,420,185,4,44,0,2,11,16,168,30,0,15,3,2
sample_93,44,58,40,28,17,0,32,69,209,0,7,14,0,2,394,2,11,3,25,0,0,23,0,99,21,25,212,53,1,30,0,29,498,422,5,6,17,4,16,240,0,59,90,2,14,0,2,2,1,146,0,2,2,294,115,96,9,1,510,142,819,16,18,427,6566,14,726,4,96,1,5,910,566,22,349,3,5,0,14,0,2,8,154,2,14,12,145,23,0,793,0,21,37,5,111,14,7,0,0,0,1242,33,29,1,104,44,310,15,4,34,52,6,305,13,0,0,34,36,1,4,33,36,62,13,157,11,9
sample_94,60,8,1,29,61,1,3,24,0,7,0,1,10,3,44,1,1,0,5659,0,111,0,0,24,2,0,3,0,1,40,8,13,0,2,6,8,0,0,0,105,221,1,0,7,0,4,2,3,0,377,1,0,14,545,12,38,0,1,140,0,0,15,0,0,21,27,17,0,10,0,3,0,4,6,154,5,39,4,2,0,2,19,140,409,0,4,4,2,4,3485,0,21,11,56,778,0,6,134,1,0,1,154,90,4,0,0,0,0,0,1,42,45,1,0,65,3,46,22,3,0,0,4,20,0,349,2,0
sample_95,60,132,1012,323,155,0,1158,37,2,77,0,1,0,15,470,1,5,4,2,6,666,161,7,228,272,95,83,75,1,54,7,33,631,1,20,11,6,1,64,1,0,160,12,20,0,8,7,10,467,2,0,1,29,217,41,2,28,1,1362,0,75,94,64,778,1,120,215,12,4,14,3,269,390,9,238,14,44,0,27,5,0,2,99,3,188,26,24,102,3,7630,96,0,29,9,1203,112,0,0,2,14,12,0,194,1,100,180,94,32,2,14,7,370,2,8,0,19,23,306,1,0,36,29,157,12,771,14,27
sample_96,0,30,172,7,182,0,20,1,203,0,0,1,0,4,127,3,1,1,31,0,0,0,0,21,1,8,121,42,0,0,2,18,52,64,1,0,0,0,3,0,0,17,0,19,0,19,3,4,0,117,2,3,3,1813,1,18,0,0,40,35,0,55,27,41,231,33,736,11,12,5,0,74,85,0,564,30,19,0,10,0,9,4,399,0,3,0,24,0,0,9507,4,6,131,1,567,2,3,11,2,0,3,594,298,4,54,1,1,16,17,11,0,832,0,2,2,11,30,46,0,1,32,16,21,0,31,4,4
sample_97,3,28,20,16,291,0,36,18,173,16,0,1,0,0,87,1,7,1,3,0,0,3,5,38,0,17,191,0,5,7,1,4,1117,38,0,3,3,0,2,5,3,9,29,20,4,14,4,1,15,33,0,49,7,142,5,6,5,0,12,3,5,15,0,86,139,3,88,9,4,1,3,6,15,9,195,39,12,0,0,0,0,0,137,2,38,0,3,4,0,13927,48,2,8,3,60,8,2,44,5,4,92,0,402,5,43,1,14,3,75,2,3,8,103,4,171,32,8,68,1,0,7,7,41,0,12,3,2
sample_98,15,32,0,10,150,62,36,0,1,40,0,0,0,0,82,0,0,0,0,86,1,59,2,119,5,0,14,0,0,0,6,149,0,2,3,33,0,8,0,86,8,1,1,18,138,5,9,46,206,1,7,57,30,1780,0,26,6,5,210,0,19,48,5,3,0,18,171,14,0,6,17,0,1,4,639,10,50,3,38,13,0,1,1,1,0,5,12,16,6,9380,2,2,37,1,1927,3,0,3,0,0,1,0,228,1,19,6,8,9,1,7,6,2072,57,4,38,16,0,620,1,0,0,31,37,32,8,6,10
sample_99,49,58,1,24,12,187,15,0,87,0,0,0,4,1,188,0,20,6,1,0,0,36,1,51,2,50,579,28,2,6,2,122,2146,3,1,20,1,2,10,0,32,0,29,3,31,0,2,0,368,3,1,1,2,2278,7,20,7,6,147,2,0,69,10,47,13,63,106,3,90,8,18,0,4,0,83,1,13,33,8,0,0,0,663,0,15,3,14,5,4,711,13,25,12,3,3119,0,6,23,0,30,0,0,19,2,11,1,16,5,61,3,14,303,1,2,0,2,21,323,0,23,0,72,19,9,173,1,0
sample_100,1,3,15,49,10,27,32,2,26,8,1,2,3,0,11,1,0,1,11167,4,22,9,0,27,0,4,14,22,0,15,0,0,73,1,1,0,5,0,9,250,20,0,3,1,0,2,0,3,22,104,0,107,0,82,14,17,0,1,12,2,0,4,19,81,14,64,220,0,7,2,2,34,3,1,44,1,10,35,2,0,17,8,0,5735,5,1,7,1,3,450,31,2,24,3,53,0,8,0,0,3,71,0,16,1,1,0,7,0,30,2,91,782,0,3,28,2,1,86,1,0,17,37,12,2,22,0,0
sample_101,38,1,0,23,67,25,6,21,1,2,3,0,8,0,11,3,1,1,3,0,0,2,0,45,3,0,1,3,0,15,0,0,8,1,0,11,3,3,8,0,94,24,13,5,6,10,6,0,0,1,0,0,6,126,11,41,0,2,50,1,3,3,4,29,4,61,10,0,22,0,4,1,0,26,30,9,17,14,18,3,4,1,10,29032,3,4,28,0,0,4489,0,38,2,9,34,5,0,0,1,4,3,251,116,6,0,0,5,0,12,14,16,4,12,6,0,10,6,0,2,0,0,0,7,4,6,0,2
sample_102,29,44,34,118,99,0,171,0,133,4,5,0,0,15,175,1,13,20,0,0,0,0,1,319,6,2,209,48,9,308,6,63,13,0,0,30,35,9,18,0,5,30,19,10,8,6,18,11,33,0,6,228,3,1122,60,24,4,0,118,0,13,42,0,0,1,24,45,2,0,17,1,7,112,7,181,5,56,0,10,0,3,0,513,61,20,12,45,7,0,5168,22,29,156,11,822,20,13,6,1,23,24,1,143,5,9,0,86,27,5,19,0,71,2,8,0,9,1848,0,0,6,20,17,8,5,21,0,3
sample_103,193,17,0,18,0,31,5,16,286,0,6,24,9,0,139,0,29,24,17,0,0,12,0,343,4,37,5,1,0,40,3,24,0,275,3,4,0,0,2,209,26,0,0,0,44,0,11,4,31,2,4,0,7,1394,5,9,0,4,312,101,46,41,22,256,5320,150,92,7,4,2,8,33,59,2,401,0,27,0,10,4,16,8,1,1,3,25,169,0,0,23,9,9,99,4,299,6,5,1,3,3,1164,183,4,0,24,0,8,4,4,28,10,41,146,0,0,0,32,1,1,0,32,116,32,4,4,1,1
sample_104,71,18,0,89,2,0,38,0,196,14,3,6,14,32,85,0,17,1,10,0,941,37,2,44,15,0,147,12,0,34,7,38,10,36,8,79,10,0,27,0,93,21,80,0,37,0,4,0,48,0,10,24,20,5203,3,35,6,3,436,20,5,143,4,211,1044,119,73,2,12,10,10,1,6,8,732,0,39,3,7,0,156,1,1,1,16,3,17,4,5,13,0,11,43,170,896,0,0,2,5,0,402,9,4,1,10,3,5,12,21,4,39,133,0,4,0,0,33,0,1,4,13,77,100,10,348,6,5
sample_105,2046,25,1148,137,37,367,34,0,286,1,2,0,22,39,154,0,65,16,1,0,87,180,0,32,88,28,3,12,0,15,19,3,29,1,34,22,9,2,31,230,322,0,267,1,45,8,8,58,95,1,0,1,9,241,15,50,9,65,1251,0,363,11,8,184,1,64,141,6,8,14,19,122,90,5,198,2,87,0,57,13,0,0,0,0,0,9,82,8,9,1605,4,38,42,2,275,0,0,13,0,4,0,112,33,1,15,12,52,62,24,10,11,16,57,5,52,4,136,0,0,1,15,29,26,3,757,2,14
sample_106,17,2,6,19,287,0,12,0,2,2,1,1,2,4,53,1,2,1,2,0,0,10,0,11,0,0,9,12,0,55,1,4,77,1,0,29,2,0,16,0,2,18,16,23,7,33,2,0,11,2,0,1,6,1036,3,5,5,1,18,2,34,35,2,64,4,21,300,0,11,0,1,14,3,0,258,37,11,3,27,0,0,1,283,5,2,0,24,0,0,13778,75,10,9,0,50,0,0,45,1,0,275,44,397,5,8,2,3,4,4,8,2,412,64,0,0,19,5,27,6,0,0,30,42,6,16,3,2
sample_107,13,1,55,38,42,0,7,7,4,3,1,30,0,0,11,4,0,0,29,0,1,2,2,3,0,2,15,0,0,8,0,2,12,520,0,0,1,0,7,0,2,8,0,2,0,5,0,1,0,422,0,2,7,30,0,12,0,0,10,259,0,0,0,9,8944,0,0,1,0,2,0,5,1,0,9,1,12,0,0,0,0,12,0,1524,0,0,31,0,0,1618,12,12,10,2,5,1,1,0,2,2,9,56,39,3,0,0,2,4,0,6,7,1,1,0,0,3,23,3,0,0,3,12,52,0,12,0,0
sample_108,35,6,32,23,130,0,0,5,50,3,4,7,0,3,12,5,2,4,1969,3,0,3,0,0,9,0,1,12,3,0,3,0,509,206,5,30,5,0,3,0,2,233,41,19,6,9,0,0,0,829,0,0,0,259,0,12,17,7,239,48,3,2,0,104,1055,35,0,0,7,6,0,11,1684,16,25,17,16,0,6,0,0,9,0,152,69,0,69,0,1,8549,22,2,15,0,320,7,0,510,2,0,0,0,205,21,0,0,15,0,3,13,0,231,0,4,0,17,36,0,4,0,2,66,76,2,70,0,1
sample_109,58,16,729,9,191,0,21,0,0,27,0,2,1,0,74,4,10,0,3,5,1,87,3,59,15,42,2,29,1,43,0,12,0,7,4,10,7,0,5,0,13,35,44,21,51,13,4,17,143,6,10,10,27,2235,13,6,31,3,255,1,3,19,27,207,15,26,70,0,25,0,6,29,111,4,76,18,4,0,27,25,26,1,54,1,6,7,0,9,3,9570,14,3,19,3,676,5,0,0,0,1,48,1001,257,4,0,94,12,0,90,3,27,539,6,0,0,28,1,2,2,0,12,172,29,7,109,1,0
sample_110,0,26,0,611,14,619,53,0,10,9,38,0,52,159,174,0,0,0,5,6,4,75,28,23,0,5,180,0,34,39,27,15,3,0,0,253,9,28,61,1,609,4,1,1,2,2,1,8,130,1,0,5,8,40,121,1176,15,0,5,1,0,3,0,1100,3,41,202,3,89,120,83,0,83,75,245,2,282,733,60,0,1,0,2,3,6,0,968,0,28,623,0,142,278,54,138,17,8,0,13,158,9,60,21,0,143,1,0,141,0,587,1,15,1,10,0,0,948,45,0,6,10,34,814,144,9,20,1
sample_111,0,6,13,43,158,0,76,0,131,12,4,1,22,9,46,0,6,82,2,0,561,12,5,55,2,2,70,0,3,51,1,23,1,3,0,6,2,4,36,40,227,20,0,16,16,9,2,16,112,1,0,0,0,702,1,22,8,0,95,0,2,82,4,290,12,64,8,1,94,9,34,2,16,19,94,14,29,22,7,0,3,0,1,1,15,0,110,2,14,8923,1,13,139,20,480,8,13,0,2,9,26,136,221,3,18,0,0,1,18,64,55,59,0,10,218,10,28,470,0,4,10,83,178,0,78,14,0
sample_112,8,40,0,12,242,67,0,7,0,0,0,1,0,0,267,1,0,0,3,0,0,0,0,1,0,0,1,4,7,0,0,0,2,10,2,44,11,6,1,0,8,1,0,24,3,6,0,48,2,9,0,0,0,1542,0,16,0,0,29,1,0,84,0,2,8,0,60,21,4,0,0,0,62,11,253,21,19,2,1,0,0,5,0,1,1,0,39,1,0,13837,0,3,1,8,104,2,5,0,0,1,0,1,378,9,22,0,6,2,0,10,0,883,0,27,14,28,3,0,3,0,0,0,17,0,22,1,2
sample_113,421,10,0,198,1,38,56,0,114,61,3,0,46,117,74,0,40,2,1,56,0,173,10,15,70,70,102,80,0,56,2,3,100,0,55,0,7,1,36,148,746,26,127,0,67,0,2,9,50,0,3,28,43,447,38,20,38,43,1738,0,571,8,229,5,1,145,50,1,147,47,83,1000,83,0,219,1,18,54,87,222,6,0,140,2,19,2,56,51,18,24,0,36,63,0,159,9,10,2,8,0,347,10,4,0,7,147,2,80,6,56,0,24,27,11,45,0,130,0,0,1,56,5,152,60,2461,18,4
sample_114,35,44,2,24,326,64,2,817,234,0,0,2,6,10,200,0,15,2,3,1,183,0,0,55,12,0,21,2,0,14,0,40,0,1,3,12,3,1,6,0,46,0,6,29,4,17,3,3,28,2,0,3,0,115,0,19,0,6,306,0,0,41,10,91,11,51,258,12,151,0,1,1,27,2,744,37,5,54,0,0,0,2,12,0,3,12,3,0,5,15874,0,3,3,24,953,0,9,2,0,25,5,0,420,4,143,0,0,24,0,1,1,630,0,0,73,27,14,43,5,2,8,2,15,0,278,0,0
sample_115,87,25,15,253,0,47,80,13,81,14,8,0,8,23,72,0,65,6,2,3,2,141,2,43,15,3,279,84,9,89,0,34,23,0,9,28,0,2,36,418,94,62,19,0,7,0,8,5,125,0,8,0,24,4234,64,32,26,7,343,0,224,102,177,322,0,87,109,3,11,14,39,0,13,0,366,0,39,2,51,12,129,0,370,2,18,0,22,115,10,16,6,5,23,11,520,0,1,128,0,0,317,5,2,0,271,111,58,8,7,15,2,213,18,2,730,0,42,0,0,13,44,62,47,10,239,4,5
sample_116,4052,12,878,13,2,600,27,0,1,0,6,0,33,0,39,0,491,7,6,0,2,0,9,0,117,0,131,0,13,0,0,53,1,0,46,33,0,20,11,240,400,12,1,0,81,0,0,59,72,0,4,0,48,1017,0,95,0,136,1374,0,90,19,173,48,3,0,0,1,1,7,66,0,108,13,652,0,0,0,47,147,161,0,33,1,0,0,88,0,39,11,176,14,101,0,731,4,2,1,10,0,1,1,1,0,11,81,31,0,0,71,405,874,1,6,658,0,65,0,0,3,0,42,290,45,77,6,8
sample_117,0,44,206,3,12,0,2,3,381,5,0,31,0,0,175,6,0,0,7351,0,0,0,0,13,0,0,53,10,0,0,0,23,0,293,0,1,0,12,0,69,0,13,0,0,0,2,0,0,256,212,1,6,4,717,2,0,9,0,31,228,0,16,4,3,6969,0,4,13,146,2,0,0,51,2,349,0,0,34,0,0,0,15,428,271,0,1,0,0,0,656,0,0,0,11,448,0,0,3,11,0,1,55,25,1,233,0,0,0,0,0,4,56,0,0,0,0,0,93,8,1,0,0,105,0,31,7,0
sample_118,7,8,1,6,142,210,1,5,0,3,15,0,11,1,31,1,77,10,0,0,0,0,4,4,12,3,1,7,1,71,1,12,249,0,4,13,6,1,7,30,130,1,48,6,18,11,0,3,51,1,0,0,14,32,10,19,9,0,169,0,0,2,0,263,3,195,47,1,18,0,5,15,103,3,121,26,9,4,2,0,2,2,47,0,4,0,208,0,3,7322,10,15,1,1,576,0,18,1,1,5,422,763,214,2,28,0,11,0,13,12,0,127,33,7,38,16,26,1,1,0,0,30,34,0,161,2,0
sample_119,33,15,12,20,257,13,39,3,75,10,4,2,1,11,49,2,9,0,2221,0,1,17,3,43,2,7,196,3,2,22,2,87,145,2,0,4,6,5,5,0,19,17,12,24,0,2,5,1,32,609,0,0,7,855,1,17,4,1,81,0,2,63,12,389,0,11,327,4,25,4,1,14,8,1,533,31,3,0,4,0,13,11,5,4,12,1,13,10,1,14485,2,34,23,19,1812,2,11,3,12,1,55,0,390,17,103,1,3,6,1,20,3,1500,28,10,42,20,41,345,8,9,0,32,155,0,151,7,7
sample_120,189,24,19,12,1,0,15,1,0,23,3,11,29,8,105,9,43,4,51,0,193,0,10,224,32,236,32,22,2,24,0,9,12,38,22,9,13,4,14,20,356,4,34,0,21,0,8,11,56,1,1,0,33,2756,50,7,5,15,521,13,51,56,139,3,556,37,39,2,5,0,19,174,12,2,702,0,0,0,0,13,14,0,1,7597,45,35,36,4,8,11,1,6,40,0,226,18,0,130,5,2,11,36,3,0,5,0,108,3,0,30,0,44,0,2,0,0,85,133,161,4,22,49,79,14,1137,3,12
sample_121,0,172,0,1,2,8,11,3,660,12,0,0,60,0,719,0,21,0,1,3,0,0,29,0,1,4,79,0,28,17,2,136,182,0,0,170,0,26,33,635,1146,182,0,0,14,0,0,42,380,2,4,571,7,1495,5,14,43,0,189,0,5,64,0,145,2,1,2957,4,3,0,78,1,96,8,171,0,10,0,28,0,0,0,18,0,0,0,85,371,39,25,0,0,0,1,2961,35,0,2,9,1,0,0,3,0,49,28,0,21,1,31,26,172,381,101,80,0,0,2031,0,2,1,85,201,0,0,3,8
sample_122,2,23,22,0,65,1,0,1,1,0,0,27,0,4,449,10,1,0,41,0,0,4,0,0,0,0,2,0,0,0,0,0,0,750,0,0,1,0,0,1,2,0,0,4,2,3,0,1,0,793,0,0,0,2,5,1,0,0,0,208,0,1,0,0,6558,0,0,0,1,0,0,0,112,0,1,0,0,8,10,1,0,12,0,2005,0,0,1,3,0,3393,0,0,0,0,2,0,0,0,0,0,0,0,92,5,0,0,2,0,9,1,1,1,356,1,8,3,1,0,5,0,1,0,0,0,12,0,1
sample_123,3,52,29,5,338,0,51,0,1,5,8,2,2,0,231,3,4,9,3,5,1,86,4,1,2,0,4,40,0,20,2,4,40,1,3,1,0,0,2,0,29,3,10,36,5,21,0,2,24,1,0,1,24,4,14,24,4,1,61,0,27,5,0,1,4,61,361,0,33,0,4,38,2,10,102,21,6,0,0,0,2,2,103,1187,35,0,53,3,3,12751,7,2,15,9,606,3,2,79,1,0,172,23,2186,4,10,0,2,3,3,21,24,194,120,3,30,38,28,0,3,0,0,9,85,2,250,3,5
sample_124,0,12,0,75,150,888,26,78,377,54,8,0,9,17,56,0,26,62,2,17,1,94,8,55,150,14,10,0,12,79,11,60,0,0,9,18,9,2,20,3,174,1,238,11,26,15,2,21,0,1,0,0,69,1374,14,78,3,0,658,1,12,13,8,40,1,276,1,7,12,0,13,5,0,0,386,23,71,11,9,0,0,0,177,2,9,10,97,41,8,8382,32,118,72,65,1516,40,0,3,1,7,0,20,225,5,7,4,31,0,54,28,38,190,0,11,83,24,12,1,1,2,15,26,95,0,168,5,9
sample_125,47,49,0,25,109,0,11,0,103,1,5,0,20,1,275,1,16,2,16,0,0,12,16,119,21,0,226,7,3,52,7,16,19,0,3,0,2,1,4,343,261,5,98,11,248,13,13,2,70,3,12,26,16,2731,3,5,8,0,507,0,5,83,5,173,2,45,148,3,59,0,23,191,43,6,74,18,58,14,6,2,5,1,71,1,8,12,26,0,8,5020,4,2,24,18,245,0,1,0,5,0,563,10,130,1,7,11,18,7,2,16,44,59,40,0,73,15,39,170,3,5,21,1,151,7,103,13,2
sample_126,277,25,2,4,104,0,12,0,276,1,3,1,1,3,141,0,13,8,2,19,0,102,1,91,3,11,11,0,4,24,3,12,41,1,0,18,0,0,0,96,20,43,99,14,3,3,8,31,236,4,0,36,28,626,28,33,25,17,84,0,216,8,2,184,1,0,965,7,13,0,1,76,39,0,523,3,11,0,0,20,61,4,285,699,0,3,22,9,0,5816,4,9,6,36,231,1,0,2,0,0,216,49,139,4,16,4,0,0,4,0,0,24,41,10,38,10,46,60,1,0,15,109,36,0,144,0,12
sample_127,0,136,17,0,226,0,0,3,102,0,0,121,7,0,386,3,0,0,3,2,5,1,0,0,0,0,8,0,3,5,1,40,0,8,0,2,0,0,4,0,96,1,0,15,1,24,0,0,0,49,3,64,18,199,0,0,19,0,2,0,0,24,0,1,24,0,303,6,1,0,4,0,254,4,140,24,0,0,0,0,0,40,722,2737,0,0,0,7,4,11304,3,0,13,32,2914,0,0,9,0,5,1,2,321,23,20,0,0,0,0,0,27,478,0,15,76,25,1,5,59,0,0,45,1,0,36,0,1
sample_128,16,17,40,0,200,1,4,0,7,4,0,0,0,0,88,0,0,14,2,0,0,0,0,4,0,0,133,0,1,3,0,26,0,0,0,268,0,0,2,1,0,5,1,14,0,20,0,0,36,3,0,23,18,175,0,25,1,2,1,0,2,6,0,306,4,4,2539,4,0,12,0,0,0,15,299,34,2,0,0,0,12,2,2,2,2,0,54,14,0,11256,0,10,7,0,261,0,21,214,8,32,0,23,299,4,22,1,0,0,0,12,0,356,0,10,42,29,3,83,3,2,0,7,54,0,10,4,0
sample_129,2,40,7,1,103,6,16,4,0,9,3,1,2,0,174,3,0,0,0,0,0,5,0,16,0,0,19,0,10,25,0,2,2,0,0,51,0,0,0,114,15,0,0,10,8,8,3,1,0,1,0,0,12,76,0,0,0,0,106,0,0,15,8,11,2,17,0,3,1,0,0,0,0,11,176,6,5,0,0,0,0,0,851,5826,7,0,10,0,0,5864,0,0,4,0,473,2,0,0,0,0,1,3,181,1,20,0,1,8,0,3,38,129,507,37,0,15,130,0,2,1,0,1,4,2,17,0,0
sample_130,33,37,0,0,2,561,1,0,1,1,0,1,2,0,287,0,0,0,1,175,3,20,36,203,5,0,5,0,1,0,0,0,0,1,0,0,7,2,13,0,39,1,0,1,182,0,10,3,435,0,11,0,18,7076,52,0,0,1,341,0,0,106,25,0,2,0,38,20,383,0,39,0,1,12,866,0,0,185,0,3,0,0,1,4,18,8,52,0,9,27,1,0,516,63,1,0,0,0,29,259,0,552,4,1,21,2,76,41,1,23,27,19,0,2,147,0,110,2,3,3,0,0,938,2,8,34,0
sample_131,28,2,1,92,1,137,99,0,2,8,10,0,19,33,1,0,8,2,2,6,1223,355,21,192,15,24,4,9,0,38,9,54,0,0,8,28,23,1,32,2,215,0,29,0,632,0,7,2,1,0,1,0,12,1580,193,52,7,0,274,0,10,95,0,57,0,23,39,0,34,6,72,16,11,4,272,0,119,14,27,19,0,0,0,25,0,16,182,17,21,26,0,3,203,0,462,20,0,0,1,198,0,0,1,0,2,97,32,30,15,45,0,143,0,0,555,0,133,2716,0,0,27,30,163,11,827,22,7
sample_132,553,45,0,40,0,0,36,0,294,0,4,0,15,7,264,0,0,11,0,0,0,9,9,52,1212,12,19,51,3,23,2,56,0,0,14,125,16,5,31,255,188,113,0,0,8,0,4,24,243,1,2,49,18,96,0,49,26,20,670,0,2,72,0,517,1,160,110,20,6,7,12,4,214,0,1526,0,26,0,56,43,116,0,439,1,20,6,109,21,15,10,0,5,73,10,1441,0,0,2,6,5,0,676,2,0,74,81,0,9,6,131,294,2342,767,4,0,0,49,3,0,1,18,68,185,0,416,9,1
sample_133,677,66,0,51,20,0,94,75,0,38,2,3,94,27,325,0,18,3,927,11,1,15,7,363,50,12,89,8,0,43,1,3,0,8,42,27,10,8,3,21,1240,1,36,4,466,3,24,25,0,106,0,0,10,139,56,18,6,16,1337,7,10,29,6,105,96,683,140,8,28,5,79,2,43,10,202,4,30,47,23,13,53,1,292,5,6,65,55,10,40,2014,0,7,54,14,224,0,2,0,1,12,1188,1,63,1,9,1,48,7,7,6,4,1562,0,0,268,8,39,95,2,4,47,10,68,25,1079,8,3
sample_134,37,22,0,41,0,1,73,90,277,21,0,1,9,11,94,0,879,0,1,14,785,224,0,93,25,30,61,9,4,128,4,43,399,0,7,59,0,0,22,196,85,26,209,0,6,0,0,0,0,0,10,90,73,1698,81,11,0,2,882,0,193,135,72,1,1,0,200,1,23,26,7,277,11,19,271,0,16,3,45,7,32,0,250,3,37,7,17,24,9,26,3,20,179,572,461,24,0,6,2,5,1257,1,0,0,38,108,58,22,11,8,1,746,147,12,0,0,89,343,0,0,6,89,111,11,161,4,9
sample_135,225,0,79,11,221,0,5,0,0,8,0,2,47,3,0,59,36,56,27,0,0,12,5,18,6,0,1,3,0,18,0,1,0,166,19,0,1,3,1,11,491,0,20,20,3,32,2,3,0,181,0,0,16,1,0,42,0,6,136,44,0,0,8,0,443,552,0,0,70,0,17,0,0,3,1,25,1,50,0,2,89,2,2216,1,42,5,32,3,10,11058,0,14,9,6,3,0,2,0,0,0,0,1,306,9,0,15,8,0,7,0,0,5,0,1,139,17,2,0,11,0,6,0,25,0,307,1,0
sample_136,1154,86,0,617,5,1507,458,0,447,0,0,1,5,236,348,1,0,0,2,0,0,0,22,287,29,7,652,0,0,197,0,181,0,0,21,912,3,1,77,0,103,162,0,0,0,0,17,0,2,2,23,78,237,9732,2,307,33,45,804,0,0,133,40,0,7,895,472,12,0,0,15,0,237,19,2169,0,44,2,3,34,0,0,3,1,0,23,18,21,14,100,0,151,60,0,4744,0,1,10,50,32,0,3,6,0,41,0,150,0,285,15,335,622,211,6,1,0,214,0,0,18,94,272,2112,2,66,78,5
sample_137,258,12,23,0,343,38,8,2,1,5,2,5,0,0,106,4,0,0,1,0,1,0,2,117,39,5,160,3,0,16,12,18,0,1,14,50,0,6,1,52,2,1,0,26,107,29,6,25,0,2,0,22,29,2578,0,14,12,12,825,0,0,27,0,190,3,142,84,0,19,1,16,0,17,13,1,36,44,18,39,14,0,2,0,2,0,15,97,3,0,16028,0,13,11,15,438,13,2,0,3,0,0,0,435,4,6,96,0,0,0,23,220,39,4,3,0,24,45,660,4,1,0,0,22,0,148,1,10
sample_138,381,2,0,11,3,42,27,1,503,119,7,1,10,79,30,0,50,0,0,48,1,7,7,208,1,11,1062,0,5,1,25,119,0,1,4,0,75,217,43,397,157,0,0,1,122,0,17,0,0,1,9,60,73,7067,6,22,0,13,84,0,17,250,136,1,1,43,339,2,11,0,32,8,1,43,1773,0,114,1,6,24,0,0,2,2,0,16,98,0,7,104,0,6,36,5,1167,0,42,7,0,3,0,0,3,1,224,0,1,33,0,15,0,272,0,0,0,0,407,0,0,41,25,0,70,2,103,4,0
sample_139,281,59,0,38,3,82,66,0,970,22,2,0,36,8,138,0,22,5,1,26,0,573,24,96,21,63,153,330,8,55,6,64,16,0,25,202,8,10,9,526,375,10,204,1,23,0,8,31,0,0,4,2,65,2518,0,95,0,4,712,0,11,54,0,83,7,26,162,0,0,16,25,6,0,51,189,0,44,0,148,5,79,0,121,3,25,24,45,8,18,23,0,17,48,9,1534,9,9,5,2,17,1,22,3,0,7,3,145,0,28,17,51,205,2,9,2,0,263,0,0,9,57,2,89,73,953,8,5
sample_140,302,23,0,12,176,9,7,0,197,0,1,1,12,1,41,1,23,6,0,1,258,3,0,42,36,0,171,0,2,83,4,63,4,1,14,42,4,3,4,37,149,9,3,15,4,14,2,15,129,0,2,1,33,1118,7,19,2,10,1271,0,1,51,15,206,14,7,80,4,133,9,15,0,330,26,642,15,62,31,8,0,29,1,457,1,9,7,25,8,5,9374,4,3,26,11,1560,0,6,2,1,0,0,126,246,4,12,3,3,2,0,5,11,478,0,6,0,24,34,1,3,3,4,11,52,2,156,5,6
sample_141,138,8,63,23,3,3,92,31,548,0,4,0,44,0,13,0,0,64,0,23,2,104,25,0,86,175,998,0,24,12,1,352,0,0,8,46,9,45,26,1,413,1,1,0,164,0,0,90,0,0,0,5,127,737,0,8,0,3,2840,0,93,30,91,446,2,0,701,0,0,14,74,214,0,19,3510,0,11,5,0,43,113,0,1,1,0,0,52,0,21,46,3,18,16,0,3560,7,0,9,6,0,1,14,2,0,101,60,0,0,0,5,7,123,347,5,38,0,63,2,0,23,59,0,212,0,14,12,0
sample_142,426,3,48,8,90,41,10,8,119,2,7,1,15,0,38,1,0,0,2,1,0,61,0,22,25,1,245,3,2,3,2,0,0,0,13,0,0,8,6,76,184,42,57,8,7,8,2,7,0,0,0,5,21,10,41,8,37,18,396,1,226,39,58,0,3,12,515,6,3,0,6,23,280,0,1011,10,8,0,0,19,1,1,1,99,15,4,54,0,2,4974,0,1,54,7,2,0,1,0,3,0,0,1,153,3,6,58,116,0,0,30,132,2987,0,2,1,5,45,1,1,11,27,0,14,4,204,0,4
sample_143,173,1,0,80,289,0,42,0,567,0,0,1,9,0,3,2,0,2,2,16,1585,13,0,128,13,0,698,0,79,0,0,261,0,1,8,0,0,41,2,0,108,0,0,28,2,31,6,30,830,2,6,507,39,3590,0,11,43,6,200,1,0,428,0,340,4,0,361,0,0,2,16,0,134,1,785,26,7,0,0,87,0,3,1,1,0,5,0,32,6,17606,5,30,211,0,3116,26,15,9,0,0,1,63,496,1,107,1,0,0,5,0,0,454,1,5,53,27,79,1,5,51,0,6,28,0,321,1,9
sample_144,2088,44,0,111,2,65,97,1511,176,0,1,0,0,98,201,0,2,0,48,10,221,13,1,0,47,30,1326,0,12,73,6,0,0,0,37,0,0,186,0,84,1,0,0,0,0,0,0,0,0,3,6,2,0,2763,522,0,9,88,602,0,0,179,0,0,17,0,598,1,4,64,0,0,2,3,576,0,27,0,0,0,0,0,0,2,0,0,32,9,3,105,15,0,254,21,4,3,0,55,5,24,2,0,8,1,59,27,3,0,0,11,1262,26,132,4,0,0,340,1,0,24,71,1,262,137,732,18,2
sample_145,1384,1,0,153,0,127,55,0,82,161,7,0,184,6,8,0,0,1,0,106,141,119,24,208,93,16,6,0,21,29,12,4,0,0,104,71,0,5,29,0,2596,100,0,0,74,0,10,30,274,0,3,5,0,258,112,186,1,49,2315,0,0,12,40,80,1,459,428,0,1,82,115,44,0,21,1,0,140,0,48,58,0,0,0,2,12,51,74,66,55,17,14,59,25,0,165,0,1,0,6,12,0,1,1,0,0,244,119,0,0,131,4,102,0,6,268,0,0,203,0,0,139,0,234,105,3374,12,36
sample_146,815,20,9,94,0,466,65,0,402,39,1,1,14,6,97,0,26,0,8,33,406,0,4,7,46,0,161,3,0,17,13,77,0,0,43,282,6,2,5,6,311,3,68,0,232,0,11,4,65,1,10,50,13,3816,17,229,0,36,808,0,0,147,1,106,3,190,104,2,201,1,29,0,23,6,244,0,97,275,8,0,5,0,0,5,0,6,44,0,20,20,0,75,180,43,1973,4,2,3,1,0,757,1,1,0,236,2,33,2,8,16,84,1111,0,14,1,0,23,0,0,7,39,29,106,15,1576,9,0
sample_147,1349,1,2,176,2,40,234,0,212,5,18,0,18,11,9,0,32,1,1,28,2,1,11,264,26,70,13470,103,2,44,5,109,33,0,11,8,50,27,165,0,338,2,264,0,19,0,14,14,127,0,5,4,149,4533,0,19,7,50,719,0,352,736,2,121,2,304,262,0,3,20,51,65,72,73,49,0,52,0,3,17,35,0,2,0,9,26,177,919,27,28,42,11,15,25,249,14,8,19,4,26,95,0,3,1,23,23,201,31,135,69,1,58,0,17,0,0,50,53,0,206,25,25,144,7,89,19,0
sample_148,75,59,0,0,2,876,137,0,261,62,13,0,31,37,188,1,14,133,2,0,0,1,43,236,5,17,963,55,1,62,20,121,0,0,1,79,30,3,0,46,564,52,110,0,93,0,21,17,61,0,4,63,42,1689,0,142,10,2,228,0,15,74,77,738,2,411,65,1,40,23,102,64,72,0,573,0,198,4,18,12,171,0,316,4,92,15,516,0,43,20,41,53,146,140,1276,2,1,15,17,0,0,1159,0,0,36,4,196,2,0,74,101,127,76,1,228,0,728,1,0,28,0,206,911,16,7,22,2
sample_149,109,35,1,114,118,9,201,0,345,0,4,0,0,59,217,0,162,3,2,43,0,4,5,221,16,5,143,0,0,438,10,6,1,0,3,95,0,0,0,124,1,0,0,7,4,9,7,0,0,1,0,124,61,632,0,259,28,4,514,3,1,18,0,10,2,202,25,5,723,4,0,0,20,3,145,7,96,76,1,0,2,2,256,3,0,10,66,1,0,5990,62,136,104,78,131,0,6,0,6,0,0,5773,188,3,7,6,0,0,45,23,0,209,0,19,2,13,0,2,3,1,0,0,491,0,31,37,0
sample_150,507,33,0,0,34,35,18,0,1,32,8,0,75,0,171,0,365,25,1,0,2,121,47,0,50,0,689,119,102,57,12,45,0,0,9,92,0,21,0,526,1192,13,0,4,203,1,0,59,735,1,3,1111,15,2006,76,33,9,23,560,0,10,84,0,446,4,0,0,6,24,26,145,15,0,0,1014,1,126,0,108,0,0,0,1,2,0,0,170,93,50,1738,1,3,0,5,466,0,0,26,7,0,1,0,70,0,23,6,0,0,0,186,12,1732,0,14,0,2,0,1583,1,19,1,39,454,0,253,21,45
sample_151,258,6,0,51,0,196,68,1,178,23,4,38,242,18,53,0,0,293,14,0,0,86,6,0,129,13,41,77,3,21,15,3,0,329,107,30,1,0,140,1,653,0,70,0,15,0,0,10,11,1,5,52,158,2546,218,23,7,11,4234,130,7,18,121,113,8099,66,109,1,37,0,50,1,7,0,148,0,168,2,12,84,92,11,13,0,14,1,142,1,20,23,0,26,115,540,206,3,0,0,0,20,1012,0,3,0,3,0,531,57,48,15,549,45,4,4,0,0,112,0,1,1,28,6,82,3,1822,9,7
sample_152,933,9,1,0,104,147,3,4,791,19,0,12,1,0,74,1,0,0,2,51,2,0,10,124,0,0,1168,0,48,1,0,20,1,8,176,0,0,56,0,90,0,0,0,10,0,5,6,44,0,16,6,16,0,1075,0,0,0,28,1,0,0,52,0,756,37,0,1927,2,2,11,0,0,0,6,302,4,0,4,0,0,0,5,1,1,0,22,0,0,0,5298,0,0,0,122,253,0,0,1,18,26,4,1,169,2,7,0,0,0,0,0,1,12,150,12,1,9,2,38,1,13,0,3,569,0,3,20,0
sample_153,628,38,0,24,256,1,6,6,326,11,1,6,47,1,133,7,1,0,211,11,2,324,3,452,31,6,430,141,0,19,4,42,28,53,27,36,0,2,5,83,810,10,264,16,17,13,15,28,233,110,1,23,14,21,4,16,39,17,809,8,64,124,0,494,261,233,209,0,1,5,24,40,17,11,607,20,30,0,10,24,28,7,3,8931,100,46,53,0,7,12872,3,44,38,25,1701,1,0,2,3,8,1695,90,375,42,103,181,7,7,3,9,291,5827,300,1,208,22,38,4,101,14,1,20,70,12,970,7,17
sample_154,1260,9,1,56,0,1164,52,0,199,68,9,0,39,106,74,0,7,46,2,107,0,22,9,513,42,0,3,9,0,87,8,16,125,0,39,0,29,4,10,0,690,0,230,0,71,0,20,16,0,1,1,0,62,1436,0,95,10,38,885,0,0,11,18,505,1,640,1,0,105,53,22,0,77,25,375,0,86,53,79,19,169,0,19,1,25,57,262,0,12,36,4,40,67,41,1112,0,7,1,10,2,0,84,2,0,1,0,9,52,497,56,1,1253,63,9,45,1,54,1,0,1,23,32,213,50,1790,11,15
sample_155,310,1,1,0,128,0,0,0,347,10,0,0,0,0,2,0,0,0,96,19,0,1,0,0,0,5,16,0,2,3,0,27,0,0,1,27,0,27,0,0,0,0,0,8,5,2,0,49,1,34,4,7,16,1793,18,0,19,7,0,0,0,18,0,0,1,0,157,1,0,8,0,1,0,0,2669,6,17,26,0,0,2,3,1,3942,0,0,49,0,0,6699,0,0,2,0,59,8,0,0,0,0,0,0,195,11,17,22,0,1,0,1,0,26,1,0,0,15,1,1162,0,3,0,3,30,0,0,0,1
sample_156,63,219,1,35,307,22,35,150,0,1,0,2,5,0,873,1,0,23,4,1,0,25,17,34,0,0,689,0,0,29,1,42,11,5,2,29,0,0,0,3,109,20,0,16,194,25,3,0,0,1,2,0,3,1069,10,31,13,4,49,0,0,99,2,341,2,420,0,3,37,0,34,0,16,10,37,46,17,9,0,0,11,4,132,5,0,1,7,10,5,13658,1,10,26,1,525,0,3,46,11,4,0,0,544,10,15,0,0,5,20,0,195,853,0,7,0,30,34,1,5,17,5,98,130,0,266,4,0
sample_157,47,28,54,19,69,84,10,1,288,9,0,8,9,11,176,0,4,0,11,4,164,7,2,9,10,1,265,0,2,3,0,24,114,87,0,23,4,2,8,25,70,10,2,5,0,8,1,19,117,6,1,34,4,989,0,5,7,0,82,47,22,25,0,105,2229,22,147,5,9,2,4,8,7,8,485,11,8,25,15,1,111,1,9,2734,2,0,8,5,1,3023,2,3,6,8,342,11,0,13,2,5,0,246,100,1,31,34,24,0,0,5,0,18,1,5,74,6,8,2819,3,0,3,39,82,0,92,7,5
sample_158,589,16,65,33,5,830,22,0,428,125,2,0,24,9,56,0,64,2,6,57,0,0,17,84,107,0,111,2,0,69,39,67,0,0,22,46,0,2,4,73,472,7,0,0,3,0,5,2,39,2,0,21,106,2571,5,223,3,25,2818,1,0,51,7,126,0,684,105,0,330,13,52,0,10,8,231,0,531,0,3,0,0,0,74,1,14,20,65,0,20,299,3,2,379,35,1393,0,57,8,8,21,48,80,7,0,176,0,6,3,0,22,0,238,5,8,364,0,651,227,0,1,2,20,349,2,89,48,1
sample_159,416,13,0,30,56,3,49,0,78,12,6,0,0,20,34,1,6,10,2,11,0,0,7,756,13,41,84,90,3,273,5,25,0,0,22,8,11,5,30,132,0,1,397,5,0,2,23,75,240,1,11,3,51,3741,69,15,15,14,585,0,4,21,0,254,1,91,398,0,0,10,1,29,2,15,12,4,36,0,18,56,39,0,1098,2,34,89,28,28,0,3040,26,1,53,20,919,0,5,20,0,0,1,49,77,2,1,22,15,14,34,24,0,424,7,1,51,6,117,210,2,5,83,48,116,0,278,0,40
sample_160,1353,3,0,274,0,57,68,2,153,46,7,0,56,35,25,0,48,0,3,36,538,1057,26,58,40,113,57,10,1,97,9,20,1,0,47,0,16,3,135,26,732,0,37,0,482,0,3,7,100,0,2,32,52,1272,0,43,4,59,831,0,64,67,88,72,13,140,45,1,2589,0,78,2,19,0,295,0,110,327,47,45,0,0,0,3,0,3,117,31,28,17,0,9,253,29,389,8,0,0,2,167,0,0,1,0,8,5,118,70,6,86,0,528,1,0,0,0,583,1577,0,1,86,14,179,45,3252,7,7
sample_161,460,57,899,14,74,6,0,34,2,6,8,1,0,6,298,1,6,12,0,0,0,45,2,0,18,38,1,9,0,14,7,8,0,0,0,17,0,3,3,0,3,288,93,14,36,10,0,13,2,1,3,0,21,2628,0,12,1,20,46,1,42,49,15,249,1,296,0,0,6,3,4,111,0,19,2,11,12,2,12,0,102,0,2,382,0,0,468,0,2,5435,14,29,98,42,1677,0,1,0,6,0,0,1108,118,3,2,8,6,0,39,75,7,255,1,5,0,13,29,0,2,0,37,152,184,0,414,10,0
sample_162,142,82,0,64,0,29,29,0,464,7,0,0,2,0,345,0,32,31,0,13,0,23,4,153,51,4,166,0,0,81,7,103,0,0,33,71,6,5,25,98,32,26,126,0,118,0,4,7,0,0,4,192,75,1153,526,20,55,4,932,0,11,12,58,1397,0,118,225,33,21,18,0,184,26,5,1154,0,17,12,5,9,158,0,38,0,17,30,19,0,1,14,0,8,203,0,1146,12,7,2,4,21,0,2,1,0,70,10,103,51,156,12,107,69,2,1,0,0,124,1637,0,3,53,62,44,3,1098,5,3
sample_163,366,6,0,102,134,12,47,0,0,9,1,5,29,7,72,2,6,6,4,14,0,47,10,122,171,0,75,4,0,8,1,6,104,0,52,10,0,0,5,384,472,2,34,14,132,15,4,4,121,476,0,303,17,184,36,22,21,20,761,1,2,3,4,109,5,91,124,1,8,2,54,14,14,0,145,9,31,0,81,4,4,31,1,17,76,28,37,40,17,7023,13,20,43,8,72,2,1,0,6,10,15,1,199,320,4,0,4,1,37,5,47,4,2,13,0,23,221,1,3,1,12,6,120,10,1424,2,4
sample_164,165,59,0,134,12,14,158,0,0,7,2,0,16,39,291,0,52,0,0,0,0,74,11,69,18,190,275,10,0,169,9,112,14,0,8,42,27,5,14,0,265,0,57,1,131,2,0,0,130,1,0,2,69,915,12,82,3,4,366,0,86,21,0,188,6,1005,280,9,475,0,39,5,24,0,562,0,40,269,0,0,17,0,4,1,29,0,84,10,10,515,98,39,66,29,1857,3,78,9,11,10,870,0,14,0,16,41,14,14,109,0,0,397,1,30,1034,0,9,1,0,5,0,24,292,0,377,13,5
sample_165,416,43,31,199,4,1188,60,0,42,74,5,0,39,60,131,0,216,0,1,11,1708,200,23,2,13,0,3,28,0,258,7,14,0,0,17,202,7,6,53,118,335,29,242,0,148,0,0,2,1,0,5,33,88,2161,0,196,0,12,335,0,22,355,13,534,0,6,105,0,51,0,59,0,18,0,189,0,30,0,45,5,5,0,13,3,27,1,47,37,33,24,154,113,248,55,1037,4,8,1,4,37,0,0,3,0,10,101,64,108,813,54,0,3019,0,1,0,0,21,0,0,1,10,10,235,10,834,7,0
sample_166,486,2,0,77,3,539,109,38,6,22,4,24,108,79,4,6,0,107,20,1,0,110,2,0,144,1,2,38,2,89,20,0,0,291,97,0,0,2,137,4,268,0,55,0,1,0,0,8,0,2,0,4,148,94,186,18,0,34,3503,172,0,0,138,2,8119,130,2,0,100,0,21,1,0,0,19,0,204,3,6,52,42,8,3,1,35,26,216,0,15,34,0,54,157,760,5,1,0,0,7,104,290,1,1,2,0,3,658,85,47,10,1,1,0,10,0,0,245,2,3,0,37,1,128,15,2223,20,2
sample_167,226,451,0,16,1,0,25,186,0,0,6,0,0,23,1604,0,18,0,0,76,0,131,6,0,5,73,1704,0,7,3,0,258,0,1,10,0,4,156,20,640,1,0,0,0,58,0,0,28,1,0,1,0,125,1688,97,20,0,6,153,0,116,128,26,1,1,147,1,1,2,0,6,0,0,16,1231,0,7,6,22,0,2,0,2,1,0,0,20,0,1,72,23,21,7,6,3438,14,0,27,2,0,0,0,7,0,115,13,18,0,0,40,0,216,1,4,1,0,9,2,0,43,65,0,60,35,731,3,0
sample_168,501,32,83,57,1,7,35,47,0,25,13,1,17,19,125,0,83,3,0,16,4,337,7,364,56,1,318,4,3,21,14,59,0,0,46,34,0,19,12,526,171,19,42,0,25,0,16,11,167,0,0,8,75,18,0,44,12,36,1577,0,298,162,12,501,1,22,826,3,24,8,37,129,40,13,1200,0,144,3,15,1,2,0,5,0,17,49,116,61,11,28,0,14,116,13,534,36,5,0,0,0,0,0,4,0,1226,33,24,24,4,68,950,2825,113,12,0,0,59,260,0,17,23,37,93,50,1099,4,10
sample_169,252,12,207,376,0,0,21,0,235,53,6,0,12,27,141,0,6,0,1,25,0,287,2,2,42,4,9,0,2,69,6,1,2,0,1,0,24,11,20,1,337,7,0,0,0,0,0,1,0,0,4,0,48,2342,0,14,43,9,1089,0,28,12,0,221,1,0,0,0,479,7,5,25,1,34,151,0,58,12,31,76,0,0,2,3,0,0,255,19,7,17,44,48,83,22,476,25,4,2,1,0,0,181,3,0,139,222,7,25,0,0,1061,2629,2,10,0,0,224,253,0,2,100,30,76,60,2,13,9
sample_170,249,1,1,13,162,0,18,0,0,13,0,4,43,0,14,1,0,2,4,11,0,21,2,110,17,9,5,25,6,27,1,121,1,258,8,0,3,2,2,0,163,133,42,23,87,10,9,10,0,286,3,5,6,2949,2,7,0,8,297,63,0,33,26,223,1002,85,665,0,13,0,11,0,1,0,1527,9,7,3,13,8,32,7,1,16,1,2,15,4,3,8889,3,8,5,5,2458,3,1,2,0,0,1,500,206,20,55,22,33,5,15,3,0,365,140,4,0,10,36,1,4,0,19,61,26,5,404,3,13
sample_171,142,12,4,35,167,20,36,6,41,3,0,3,6,7,60,4,0,2,570,2,489,18,1,56,6,2,2,18,17,84,2,0,743,0,7,0,4,10,3,0,30,37,140,19,13,16,2,31,0,137,2,0,15,896,5,9,0,7,138,3,36,89,5,0,22,47,80,0,6,4,4,17,0,35,46,18,19,3,58,5,10,4,87,1,12,9,7,7,0,8409,1,15,22,3,152,0,6,0,2,0,0,866,262,15,5,4,8,0,9,12,254,32,56,0,45,17,19,1,3,0,23,8,15,4,73,1,13
sample_172,473,99,0,71,0,17,102,0,339,23,10,0,15,30,354,0,5,6,0,9,0,223,17,614,12,44,339,22,0,25,8,24,5,0,22,38,58,0,55,5,235,6,61,0,14,0,33,15,313,0,0,192,12,1379,57,48,47,11,266,0,8,98,0,574,4,291,219,5,1,0,24,21,461,9,289,0,124,0,16,10,14,0,270,1,59,58,231,16,9,11,4,38,76,4,818,4,22,0,1,57,0,32,2,0,62,117,25,141,19,25,7,2344,52,3,132,0,1035,0,0,13,79,46,228,12,324,8,22
sample_173,1026,2,20,8,212,2,24,56,88,9,4,2,1,3,3,1,12,0,1,6,0,33,0,116,20,5,13,0,0,29,7,4,4,32,10,0,0,0,1,0,165,0,0,21,12,10,8,0,0,48,0,0,3,21,19,16,0,31,215,4,1,0,8,1,80,161,11,0,18,3,9,0,0,4,27,19,20,3,8,4,37,11,2,24,0,21,91,1,1,11261,3,22,42,20,61,2,7,0,2,5,0,22,330,2,2,0,9,2,0,9,14,13,6,1,0,23,1,11,11,0,8,0,56,1,153,5,3
sample_174,164,91,1887,71,4,1,32,0,439,70,0,0,3,0,288,0,0,51,623,243,0,0,16,181,0,8,23,3,24,0,0,228,0,1,0,51,7,18,2,0,12,0,1,0,402,0,6,21,2,1,2,0,36,2814,0,1,0,2,1,0,59,22,0,0,5,126,1,13,6,25,133,53,710,21,1057,0,0,249,0,11,92,0,1,3,0,4,0,12,13,11,0,3,11,1,2339,0,23,0,4,0,0,0,2,0,54,101,0,0,5,0,54,255,0,4,133,0,0,1955,0,2,42,32,225,27,4,7,10
sample_175,100,1,203,51,136,0,29,0,0,4,3,2,1,9,3,2,16,6,2,17,2,222,3,82,8,0,2,116,0,4,8,51,164,0,3,42,6,3,2,101,10,728,356,11,0,4,3,4,0,2,7,16,24,2127,0,0,51,6,205,0,59,6,68,538,4,22,101,0,9,6,0,118,623,0,589,11,37,2,8,1,15,2,1,4,22,3,74,12,0,6721,2,7,45,4,1660,3,5,0,2,5,0,0,205,0,25,4,29,19,8,25,315,203,1,5,0,23,66,0,3,0,9,712,81,16,203,3,6
sample_176,242,3,563,38,3,48,240,199,339,0,3,0,1,0,5,0,0,0,6,59,211,0,19,148,37,11,2767,0,57,3,0,69,1,0,11,25,0,46,20,1063,33,0,0,0,295,2,7,390,0,0,0,134,22,1506,73,271,0,4,1042,0,1063,77,96,3,5,93,187,0,19,38,54,20,0,40,39,0,0,1,0,15,0,0,1,1,237,19,99,95,8,127,0,40,87,0,418,55,0,24,16,0,1,1,7,0,114,15,1,0,0,4,3,39,0,89,1,2,74,845,0,50,0,1,538,8,9,18,8
sample_177,71,0,9,0,114,1,2,3,0,0,0,1,1,0,0,2,0,0,2953,0,0,0,0,0,3,0,5,0,2,0,0,1,0,6,4,0,0,0,2,0,4,0,1,13,3,10,0,2,0,432,6,0,9,2371,16,0,0,4,149,4,0,7,0,67,52,13,1,0,22,0,0,0,20,2,1891,17,0,4,2,0,1,7,0,1,0,0,12,0,0,5886,0,6,3,7,2,0,0,0,3,0,0,0,167,9,10,0,0,0,0,13,0,17,0,0,11,18,11,1,0,1,2,1,9,1,41,0,0
sample_178,51,7,0,8,325,5,77,0,89,0,1,2,8,0,74,3,0,0,0,3,356,1,7,0,0,1,112,25,2,15,3,24,62,0,0,47,0,2,12,0,110,0,0,25,17,11,0,21,114,1,9,591,7,1892,0,30,18,3,0,0,4,108,0,187,2,0,6,5,70,4,13,0,155,3,240,25,24,2,35,4,0,3,164,477,20,0,55,0,6,18026,22,14,10,4,513,2,7,1,9,2,0,654,462,10,22,0,102,0,0,23,223,119,1,19,0,23,69,3,3,2,9,0,235,3,1,15,5
sample_179,97,17,0,53,2,0,29,0,168,47,1,0,137,9,71,0,7,2,1,9,1,23,10,10,3,0,256,3,0,27,5,19,3,0,2,19,0,0,23,383,1700,13,1,0,32,0,0,7,94,1,9,166,0,7504,47,14,3,3,390,0,0,114,17,55,2,1,54,10,0,18,74,83,34,9,1115,0,40,0,11,3,0,0,125,1,12,4,10,51,29,9,0,3,25,0,431,1,0,2,1,0,0,0,2,0,26,1,12,189,3,39,108,209,0,2,0,0,78,0,0,11,12,78,40,2,31,1,0
sample_180,98,78,1,12,184,39,9,3,280,0,0,0,18,2,354,4,5,6,1,2,0,17,1,6,29,1,328,8,0,15,8,61,0,0,10,29,2,3,1,1,256,16,37,17,170,23,0,0,0,1,2,1,11,2721,21,19,13,1,554,2,0,143,2,0,1,37,111,26,20,1,39,0,0,3,982,25,33,0,10,4,1,2,204,3517,13,0,34,0,10,10158,0,2,47,14,1233,2,1,2,1,0,0,0,236,13,60,101,0,8,5,6,123,406,278,1,0,20,39,1,3,10,12,4,43,15,202,3,3
sample_181,1150,192,0,90,14,0,259,0,0,0,3,0,7,0,1913,1,0,0,45,108,2,9,1,412,2,4,4,0,20,23,54,2,0,0,0,0,0,10,138,0,42,0,0,1,173,1,19,9,1,11,1,0,21,14,32,103,0,36,105,0,2,0,90,340,1,0,1,2,104,54,22,0,0,30,0,1,438,37,0,0,7,0,279,2,0,25,192,106,3,1009,20,353,135,7,1437,0,16,0,18,0,1230,2319,36,1,4,74,65,0,231,76,0,4,4569,87,437,0,0,2,1,0,10,0,161,0,10,14,0
sample_182,37,9,30,24,187,0,48,5,132,25,12,1,8,52,102,0,0,0,3,5,0,6,8,125,7,4,4,1,1,379,4,0,0,3,3,0,21,10,15,0,104,86,0,11,0,8,142,12,378,3,7,6,28,3544,8,5,0,1,215,2,108,29,5,418,1,46,624,0,5,11,17,10,239,11,21,15,18,0,20,3,9,4,1,0,232,9,325,1,4,8579,0,14,47,443,2,10,37,0,2,7,0,0,232,3,0,0,5,15,0,153,23,11,0,1,0,16,444,175,3,0,7,8,102,0,83,3,0
sample_183,68,120,1,10,253,28,20,0,11,4,2,1,1,2,828,2,2,0,56,20,0,17,1,5,2,9,21,3,0,7,0,8,1,1,5,0,0,0,0,0,24,0,0,33,74,16,2,7,0,12,0,50,13,20,0,21,0,3,57,1,4,197,12,1,8,32,2,18,4,0,6,1,46,6,498,25,9,3,2,0,15,1,3,728,0,2,31,3,1,14587,0,5,7,2,663,0,3,0,5,3,0,0,416,11,42,0,5,0,0,35,56,5137,473,0,0,27,37,302,61,0,6,0,34,6,230,4,2
sample_184,266,78,0,0,142,1,23,2,1,11,3,1,5,8,349,1,11,31,2,4,3,13,1,216,10,98,3,19,5,38,0,16,0,0,4,41,4,0,2,74,49,1,89,15,231,17,15,9,0,2,3,78,1,2672,18,17,0,9,244,0,640,54,1,0,2,40,137,1,1,0,27,1,0,1,28,26,6,9,23,19,26,0,10,366,30,27,50,2,2,9243,0,1,33,0,692,6,0,2,1,0,0,0,234,4,9,57,2,0,8,15,268,165,35,2,27,18,30,238,1,0,18,45,15,6,217,0,2
sample_185,171,1,0,102,3,2,25,2,285,101,4,0,43,39,27,0,93,8,0,135,1,585,12,66,96,0,21,4,6,37,8,37,2,0,59,102,2,0,41,786,224,0,166,0,56,0,3,6,0,3,21,106,87,12857,119,14,9,1,2231,0,7,149,69,832,0,342,436,1,27,33,14,0,8,0,872,0,67,187,18,0,13,0,176,2,27,8,36,62,3,19,0,0,92,19,932,22,56,75,3,11,2,219,6,0,582,0,0,24,4,13,75,390,21,11,296,0,50,2,0,12,20,107,101,4,861,12,0
sample_186,87,188,2347,48,1,0,38,0,5,29,12,0,22,58,1070,0,26,17,1,156,229,10,10,263,44,1,167,17,3,61,1,49,91,0,28,3,36,0,106,263,444,37,19,0,51,0,15,1,102,0,0,24,86,2434,557,16,0,11,2014,0,20,113,307,3,1,231,9,47,0,40,54,100,10,12,834,0,7,0,44,16,145,0,470,1,38,33,94,29,23,43,2,37,25,0,2310,0,32,1,6,0,0,46,0,0,208,34,1244,22,41,109,113,615,0,0,3,0,97,15,0,7,375,0,532,181,588,29,23
sample_187,34,90,0,25,10,0,24,4,1,0,0,53,3,9,533,4,4,0,1017,14,0,15,0,0,6,0,1,0,6,42,3,10,1,366,6,0,4,10,12,0,5,1,0,0,3,0,0,2,0,101,0,1102,4,2,2,5,0,1,104,174,0,0,13,0,7638,29,1742,24,19,3,0,0,0,7,186,0,9,6,2,0,1,27,162,2,0,0,38,1,4,438,0,8,45,2,409,2,0,183,4,0,2,1,12,253,25,0,0,0,0,0,20,1,0,2,0,0,57,0,15,1,15,0,32,0,63,2,2
sample_188,18,29,636,113,67,2,32,38,24,4,2,9,2,0,114,4,0,1,4,0,79,12,0,0,0,1,167,6,0,2,3,8,64,263,0,0,12,2,15,1,6,39,0,11,0,4,0,0,0,282,0,12,0,437,8,30,2,1,42,90,0,7,3,104,2528,4,6,2,0,2,1,4,13,0,79,10,5,0,1,0,3,12,0,2349,2,0,65,5,0,4035,25,33,50,12,179,0,6,0,3,2,43,212,119,5,30,0,23,12,4,23,7,20,0,7,0,7,89,30,9,5,0,123,53,2,39,2,2
sample_189,17,17,0,36,469,9,21,1,152,1,6,1,0,0,162,6,0,0,6,4,0,5,0,91,29,2,1,0,3,67,8,2,0,1,7,63,0,16,0,25,40,0,0,43,0,33,5,48,0,3,3,0,52,1856,9,40,0,1,1347,1,12,21,3,0,6,0,52,1,18,7,1,0,0,0,50,43,35,3,0,0,1,6,0,9,0,3,66,0,1,22536,0,9,44,14,429,15,12,1,4,0,1,0,697,7,3,5,0,15,1,86,0,50,31,7,1,43,594,0,11,0,3,0,7,5,0,0,28
sample_190,3,3,3,9,96,0,0,29,16,0,0,53,0,0,28,2,3,0,141,0,0,0,0,30,2,0,4,0,1,6,0,3,3,235,0,3,0,0,2,4,0,0,0,10,0,0,0,0,0,290,0,0,0,142,0,10,1,0,36,77,0,3,1,2,2163,0,1,3,0,2,0,0,0,3,60,4,1,0,0,0,0,17,0,6060,3,1,5,0,0,3560,10,0,13,5,97,1,0,1,2,0,2,0,597,38,4,0,0,4,41,1,1,9,14,0,0,7,4,3,482,0,1,0,2,1,0,0,0
sample_191,182,58,0,19,2,0,13,0,0,10,2,0,5,7,311,1,10,0,2,3,1,456,4,9,0,39,372,24,4,100,1,0,0,0,0,0,0,3,4,163,32,92,177,0,66,0,0,5,0,0,10,218,12,4732,60,54,9,5,13,0,2,149,38,112,1,57,1559,20,13,2,12,114,0,7,751,0,9,0,97,7,3,0,262,0,1,1,53,11,4,18,23,0,8,0,6,2,0,0,2,0,298,1,1,0,146,38,134,3,100,68,0,190,97,2,1,0,28,1,1,26,23,45,37,69,60,3,1
sample_192,358,17,0,116,1,254,73,78,0,430,1,0,21,21,94,0,36,75,0,5,0,125,3,138,19,0,296,0,4,119,5,84,0,0,50,182,5,15,22,295,201,1,0,0,341,0,4,60,0,0,0,8,1,17,20,31,8,27,670,0,0,108,0,0,1,248,771,13,22,0,56,0,253,6,1126,0,59,105,48,0,18,0,0,1,7,19,10,0,12,21,6,36,17,17,1160,3,0,1,4,6,0,2,2,0,45,1,6,4,0,8,64,4238,108,11,22,0,13,1301,0,16,10,23,42,25,1442,0,38
sample_193,148,10,0,187,3,225,144,0,327,34,3,0,1,11,50,1,0,4,1,2,1,125,6,0,63,2,137,36,0,114,33,13,0,0,76,5,0,0,6,5,28,1,110,0,3,0,0,3,2,0,2,101,84,3429,51,46,1,7,1717,2,0,33,5,81,4,55,242,2,54,0,0,0,0,0,342,0,428,4,3,12,0,0,11,1792,12,14,70,0,0,19,0,83,89,2088,260,3,0,0,13,437,64,0,1,0,8,0,58,21,5,14,562,85,2,3,1,0,194,0,1,1,21,7,284,12,1859,49,3
sample_194,55,36,0,109,2,741,62,2,890,5,35,0,13,39,187,0,4,83,1,11,2,14,1,11,9,27,398,0,0,31,5,1,0,0,5,95,0,8,37,0,120,17,1,0,24,0,1,1,11,0,6,3,0,4306,0,35,13,3,204,0,0,161,0,0,0,124,352,33,2,0,18,0,28,16,1972,0,35,38,19,0,17,0,22,2,0,0,757,40,14,10,0,13,19,4,1,1,16,0,0,0,0,1969,3,0,107,0,128,34,19,207,82,23,354,15,0,0,20,1,0,4,0,47,35,7,113,1,0
sample_195,16,42,0,14,180,0,33,2,1,0,0,5,0,2,273,3,4,0,7,0,1,0,4,0,7,2,505,0,8,25,11,60,0,203,0,47,0,65,14,0,1,0,0,16,0,16,0,34,201,202,1,0,1,1238,0,3,19,0,218,40,1,86,1,26,822,16,0,15,5,0,0,9,33,4,462,33,12,5,0,0,0,5,25,3,41,4,12,2,0,10160,7,4,2,0,759,1,6,8,0,0,0,1,288,8,46,0,33,0,14,4,25,172,236,23,0,24,3,12,7,19,0,27,16,0,1,0,10
sample_196,461,7,21,0,236,8,4,2,0,0,0,0,0,0,1,2,51,0,0,0,0,11,0,0,0,0,1930,0,5,14,0,145,3,1,0,0,0,11,0,1,0,0,0,14,32,22,0,30,0,23,0,0,9,8,7,0,0,17,0,3,0,0,0,46,4,0,1,0,0,0,1,1,228,4,455,21,18,0,0,0,1,28,0,3,0,0,0,21,2,12457,7,4,10,0,378,22,4,11,1,0,0,0,338,3,14,2,0,0,0,0,0,1,0,0,69,20,0,0,3,28,0,0,19,0,0,0,1
sample_197,138,191,0,0,2,10,278,0,581,0,8,0,0,0,1760,0,92,119,1,0,654,4,10,0,66,14,3,0,11,361,9,28,1,0,7,71,0,37,105,1,0,33,1,0,0,0,0,33,0,0,0,54,64,3,1,59,0,5,1442,0,7,11,0,306,3,69,237,33,1,49,1,10,0,6,821,0,164,0,114,81,0,0,0,1,0,0,174,235,0,15,29,0,0,476,2072,43,0,0,10,0,1,0,0,0,87,254,269,71,0,34,193,3,375,2,0,0,1,0,0,0,0,0,425,19,15,7,6
sample_198,42,0,3,8,113,98,7,4,1,3,1,1,33,1,0,0,6,4,0,1,0,8,4,9,3,0,4,8,0,23,0,32,8,2,5,3,16,0,12,0,527,119,30,12,3,4,4,14,159,4,0,85,4,7,42,18,6,5,99,3,0,18,0,5,9,116,72,0,2,1,30,0,72,5,859,7,9,4,0,0,29,1,1,4607,20,0,152,2,9,5971,0,16,67,14,374,0,13,1,0,3,0,0,163,7,14,0,6,7,4,23,0,2854,68,4,45,14,42,0,2,0,102,8,11,0,57,1,0
sample_199,26,11,0,59,446,25,30,0,0,0,0,7,1,4,51,4,8,19,9,6,139,0,0,12,4,0,187,2,0,1,4,14,0,181,1,0,10,1,6,1,5,1,13,45,4,35,2,0,0,182,2,0,52,1351,0,6,0,2,77,43,1,43,7,94,779,27,3,2,87,14,1,3,58,0,600,46,36,89,0,1,6,15,2,0,2,2,42,0,0,20751,1,11,22,0,254,2,0,1,0,7,3,1,634,13,9,17,3,10,1,10,25,48,43,3,152,39,48,1,3,2,1,56,4,0,37,4,0
sample_200,125,66,0,54,158,0,107,100,0,97,0,0,12,17,334,6,5,1,3,12,0,0,11,8,19,9,329,17,0,52,1,63,0,7,27,21,0,20,6,66,124,0,0,13,406,12,0,2,30,3,12,107,45,3620,0,4,3,8,625,2,0,85,0,59,9,39,38,22,9,30,38,19,81,1,2071,20,22,0,46,29,0,1,2,2,4,5,16,10,19,7468,0,0,18,10,864,17,3,1,0,6,0,1,200,3,68,216,3,0,0,2,120,115,93,2,1,20,91,1,2,6,6,7,86,15,1166,9,8
sample_201,55,0,0,4,205,7,8,0,98,2,0,0,5,9,0,0,0,0,2,0,0,0,1,3,1,0,3,0,0,27,0,12,93,0,1,17,4,0,2,7,57,115,4,26,5,12,3,2,56,1,0,14,6,273,3,2,6,0,94,0,0,1,3,134,2,4,78,0,4,0,9,0,98,0,52,9,0,1,0,2,0,1,0,44,7,0,20,0,0,11195,0,0,0,2,68,0,0,1,2,2,520,0,298,5,1,0,30,2,7,18,5,15,0,0,0,9,21,193,4,1,0,52,21,0,34,4,6
sample_202,75,83,0,0,168,0,21,1,0,1,1,3,2,4,355,2,0,0,2,2,0,0,9,0,5,4,3,0,3,17,2,2,0,0,6,0,0,6,3,170,82,186,85,15,22,11,0,34,1,5,10,0,0,3161,7,46,12,4,305,0,0,59,0,342,2,82,1,0,0,7,6,0,1,27,0,19,10,0,25,5,8,1,0,3358,0,0,40,2,2,8912,0,11,22,1,1038,12,0,0,5,0,0,0,239,8,3,0,0,0,0,20,96,234,0,9,62,10,0,1,3,0,0,0,89,1,131,2,17
sample_203,48,39,2,36,180,581,15,13,0,6,5,3,17,6,258,0,0,27,4,5,0,39,2,588,6,4,208,9,4,7,4,35,0,6,0,0,2,15,23,0,156,0,0,22,46,7,32,11,2,4,1,0,22,32,0,20,0,0,116,0,2,147,2,1399,33,2,160,8,5,1,13,0,340,4,907,21,79,2,0,24,0,3,2,0,0,25,104,1,7,9674,0,1,110,0,1180,0,4,0,0,2,0,51,260,4,37,33,7,0,1,0,0,7593,231,4,228,15,0,1,3,10,9,0,46,0,72,8,1
sample_204,32,28,0,3,255,15,16,0,2,0,1,3,5,0,126,4,8,0,76,5,0,1,0,0,8,0,67,0,2,20,1,51,22,83,0,16,3,0,0,61,70,0,0,21,0,15,0,0,24,115,1,36,6,79,7,5,3,0,51,17,0,47,5,0,287,35,183,12,50,0,6,1,0,2,642,22,17,17,13,0,0,14,1,309,0,0,27,0,4,12938,0,38,32,15,616,0,18,0,2,0,305,316,340,29,59,4,5,0,25,5,0,1446,35,0,1,17,21,23,207,5,3,12,24,1,35,4,0
sample_205,101,17,0,29,205,20,0,0,308,6,0,1,0,5,259,1,0,12,3,7,32,8,0,0,3,28,3,0,5,7,0,2,8,0,0,11,10,0,4,3,1,0,0,17,30,25,0,23,1,4,4,12,1,551,18,24,3,9,128,0,9,5,19,0,1,50,12,0,0,17,1,16,347,0,372,38,0,0,26,0,17,0,16,1831,12,0,29,0,0,11487,0,0,14,0,653,43,0,0,0,0,27,10,353,1,2,0,10,0,10,6,117,1062,13,0,16,13,48,0,1,0,9,10,68,0,0,2,0
sample_206,9,25,637,13,280,0,50,1,254,0,0,0,0,12,85,2,0,9,2,0,117,0,0,67,2,3,179,10,2,15,4,32,47,0,1,12,0,33,7,0,3,508,111,32,0,9,10,104,596,1,2,0,2,2867,1,0,12,0,98,0,9,82,2,1033,1,5,50,1,2,0,3,10,105,5,124,18,14,0,0,0,0,3,18,1,1,0,26,14,0,14918,0,12,20,0,1001,0,4,7,1,28,228,0,369,4,15,1,1,15,6,65,72,469,1,8,0,28,30,430,4,13,2,79,35,0,42,4,1
sample_207,40,197,0,18,1,3,20,16,0,29,6,0,45,15,1480,0,7,0,2,9,2,11,4,115,15,127,15,17,7,88,0,102,368,0,11,0,16,24,11,0,117,1,425,0,6,0,3,2,0,0,0,62,31,15,7,20,0,3,266,0,28,1,86,0,2,10,399,145,60,0,19,31,0,0,2426,0,13,30,0,18,95,0,4,3,12,3,184,0,13,17,143,29,62,4,1515,0,9,0,7,0,76,1390,3,0,290,2,0,2,156,20,17,6,433,5,0,0,59,1,0,1,30,1,186,87,789,6,0
sample_208,226,61,0,53,29,0,13,73,524,0,8,0,0,6,216,0,144,52,9,0,0,44,2,12,19,6,516,59,10,86,2,176,839,1,9,0,24,3,18,657,8,502,174,5,42,6,0,43,0,4,5,8,2,2919,34,58,0,7,299,0,3,43,53,574,0,0,272,2,24,9,6,1,61,21,689,0,68,7,9,2,18,0,2,8,6,1,51,56,4,1301,39,40,53,9,3801,2,0,12,0,9,364,1,40,1,28,11,25,6,114,43,0,288,0,3,0,3,239,2026,0,16,14,556,73,42,223,3,13
sample_209,40,26,0,56,1,54,33,0,394,13,5,0,75,4,135,0,0,78,0,0,1,98,1,3,54,4,137,153,0,62,5,17,0,11,52,9,4,0,71,4,172,1,58,0,6,0,0,29,19,0,2,174,61,4991,114,4,13,13,1891,3,1,86,129,245,88,13,347,6,26,1,10,22,34,0,661,0,63,1,3,39,27,0,92,0,22,1,52,0,13,6,0,12,106,164,453,3,0,1,0,4,427,14,4,0,22,0,577,30,2,8,568,167,12,3,15,0,59,3,0,3,7,24,20,46,687,10,5
sample_210,26,1,0,4,222,2,14,0,110,0,2,12,0,0,29,70,0,7,8,0,0,5,2,17,0,8,2,0,5,2,2,0,0,681,0,2,0,0,0,0,5,0,34,25,1,22,1,5,0,515,0,16,7,2,0,61,1,0,3,99,0,7,3,1,2148,24,49,0,3,0,0,0,0,0,19,24,22,0,22,0,0,41,8,85,0,0,99,0,0,12457,0,16,12,0,101,12,0,9,5,1,361,1273,395,17,2,0,7,0,0,49,6,70,171,2,0,22,48,1,9,0,4,0,171,0,5,4,0
sample_211,182,20,0,29,2,35,61,3,52,27,1,69,4,9,161,5,53,62,42,9,0,54,0,125,48,5,40,86,7,30,0,6,26,589,18,8,2,8,29,1059,82,103,446,0,32,0,8,8,1,0,4,0,33,1175,2,36,17,4,1576,452,91,47,0,310,18573,208,182,2,46,8,6,35,38,0,165,0,36,2,24,12,5,18,100,3,7,19,54,8,0,57,6,10,30,6,107,138,8,0,3,0,0,0,3,2,5,3,4,1,108,2,13,1757,2,9,78,1,12,2,6,3,5,2,35,7,316,1,14
sample_212,127,94,0,37,1,0,29,0,0,31,0,0,5,31,454,0,141,16,0,8,5,4,9,250,26,33,279,27,3,55,2,46,84,0,8,97,5,2,10,287,34,31,172,0,206,0,11,3,271,1,4,52,30,6085,1,32,11,4,553,0,24,112,2,0,2,120,247,2,14,25,20,2,6,9,139,0,20,0,82,19,11,1,163,11,16,23,16,0,7,9,297,6,106,2,831,23,0,1,3,12,165,2129,2,1,22,10,11,25,564,11,0,513,12,0,0,0,29,503,0,10,26,363,202,25,74,11,3
sample_213,39,0,0,99,0,6,87,3,181,10,28,1,90,38,1,0,9,8,0,7,2,190,38,166,60,70,335,140,3,45,5,75,163,0,21,0,42,4,17,100,346,0,80,0,109,0,9,2,232,0,14,0,26,6258,92,59,0,9,895,0,0,95,0,0,3,231,188,0,45,12,73,125,2,6,626,0,60,14,36,36,45,0,319,3,0,27,219,30,31,10,75,3,281,18,1767,5,17,109,3,0,1,1,2,0,11,60,3,17,40,18,1,440,7,0,0,0,116,0,0,30,130,0,295,11,229,26,10
sample_214,113,14,0,6,516,0,43,0,547,0,0,3,0,1,109,11,0,1,5,0,0,7,0,0,3,0,7,0,22,4,0,10,0,233,0,25,0,3,0,0,2,1,25,45,7,51,0,1,0,270,6,165,14,2271,0,5,17,5,30,46,27,215,0,736,838,0,789,0,0,7,0,9,98,5,315,44,2,22,0,14,0,11,432,2,14,0,3,13,0,23855,12,0,0,59,343,0,0,0,0,0,1,3810,689,74,36,2,13,0,195,0,5,741,1808,19,0,37,4,1,6,0,12,798,2,1,5,0,0
sample_215,111,45,244,8,153,4,2,8,1,2,0,1,0,3,229,1,3,2,0,0,0,16,3,0,4,10,1,3,0,4,2,1,0,0,0,11,0,0,3,0,0,364,23,8,19,11,0,7,0,1,3,0,8,1103,0,28,2,8,9,0,9,14,9,249,1,100,1,3,10,3,6,63,0,12,1,12,9,3,1,0,20,1,0,130,0,0,530,0,0,7581,11,28,27,15,1194,0,5,0,4,0,0,477,216,5,0,3,0,0,31,61,1,84,1,4,0,21,11,0,2,0,15,224,243,0,53,10,5
sample_216,21,178,2,3,23,0,12,0,1,2,0,0,0,1,400,0,7,2,1,0,1117,1,0,65,2,0,11,12,0,29,0,71,299,1,5,0,1,0,0,0,3,251,23,2,0,2,4,6,0,0,3,0,0,1291,1,4,32,2,82,1,3,295,0,0,0,33,0,11,12,0,0,0,0,0,123,4,3,30,3,2,4,0,0,2059,8,6,5,1,0,1046,1,7,7,4,3570,0,0,1,0,0,738,459,22,0,544,1,61,4,22,5,83,245,1,4,0,0,2,2,0,9,3,0,10,0,215,1,6
sample_217,7,18,0,0,316,0,13,0,82,0,0,5,0,0,65,1,2,0,2,2,0,0,0,8,1,0,20,0,0,9,0,3,3,0,0,1,1,0,0,0,3,0,0,34,3,19,0,0,1,172,0,25,0,19,0,18,0,0,12,1,0,0,0,30,7,50,50,1,7,0,0,0,1,0,108,37,23,0,12,0,0,124,435,59,6,0,20,0,0,17632,0,2,4,11,169,0,0,0,2,2,0,0,443,17,6,0,0,4,2,14,0,2,32,0,1,27,7,0,5,1,0,0,27,11,5,5,0
sample_218,22,52,0,4,129,57,11,0,20,0,0,4,3,2,206,0,0,0,5,5,0,0,0,11,2,0,68,3,0,4,0,8,73,87,0,0,0,2,0,14,38,30,23,8,0,8,0,12,55,158,0,0,16,327,0,0,7,1,47,19,0,14,14,58,593,3,50,3,0,0,1,0,51,0,52,21,2,1,0,0,2,1,53,1455,4,1,10,0,1,7579,0,1,13,5,298,0,0,28,3,0,338,3,225,7,15,0,15,1,0,3,1,440,1,0,0,16,6,0,10,1,16,0,18,4,46,0,2
sample_219,1,7,0,3,207,0,24,0,24,0,0,0,0,3,28,1,0,0,2,0,27,0,0,30,0,3,5,0,0,16,1,0,45,0,0,2,0,0,4,78,2,11,20,24,0,19,0,0,2,0,0,10,2,96,10,0,0,0,28,1,67,4,0,14,3,28,3,0,1,7,0,0,1,1,3,15,22,2,0,0,12,3,0,3016,9,0,30,0,0,11964,32,7,9,17,35,3,6,0,0,5,45,0,296,11,1,0,0,8,9,17,0,1,0,0,8,16,41,0,1,0,4,18,60,0,31,5,0
sample_220,28,35,0,40,285,22,10,2,1,3,0,2,4,1,230,1,1,4,2,3,2,43,13,91,4,16,191,46,1,36,6,121,140,0,0,256,0,0,8,1,98,10,101,22,7,26,3,7,1,4,1,7,7,5008,1,44,35,0,135,1,45,86,0,1436,5,41,344,3,20,1,6,51,77,3,322,28,40,2,5,6,66,0,1379,2,9,8,17,1,7,14363,8,21,11,13,678,4,2,3,4,3,70,0,410,3,15,13,3,0,18,6,183,408,180,1,1,22,16,128,7,14,7,131,172,1,147,1,2
sample_221,12,9,74,6,20,0,157,2,324,2,0,63,0,10,37,5,0,0,21,2,1042,0,0,99,6,0,22,12,9,7,0,38,0,309,0,17,1,7,8,0,0,124,7,0,0,1,4,26,124,213,2,4,6,1100,28,3,5,1,69,127,0,82,0,224,5523,37,415,0,4,0,0,0,0,0,18,2,3,0,3,0,8,14,0,7,0,4,21,60,0,967,2,9,4,1,570,20,7,1,4,86,0,54,30,0,15,0,1,9,19,4,29,53,0,4,5,2,1,694,2,3,7,0,79,0,7,1,2
sample_222,12,8,178,0,190,1,35,2,61,3,0,10,1,5,53,3,0,0,6,6,0,2,0,92,0,7,138,3,0,0,1,20,43,317,0,46,4,1,9,0,47,13,11,16,3,13,2,25,44,381,1,4,3,1170,0,2,7,0,19,63,0,23,5,3,1278,1,85,3,0,2,4,0,174,3,167,9,3,0,5,0,4,3,0,0,0,3,10,0,0,10071,0,9,12,2,255,7,0,3,0,2,0,518,263,18,6,7,1,2,3,7,0,55,1,0,0,9,30,1,4,7,6,0,10,0,8,0,5
sample_223,41,23,0,0,0,0,31,194,108,1,2,22,3,0,94,0,0,0,24,8,264,0,1,0,7,0,0,0,19,29,0,0,0,304,0,0,0,24,0,1193,102,0,0,0,3,0,0,20,0,3,5,0,0,408,1,0,0,1,155,145,0,50,1,0,8674,1,0,1,0,5,1,0,2,1,1,0,0,0,0,6,0,5,8,1,0,0,39,1,2,38,0,0,0,0,2,0,0,0,12,0,0,0,2,0,22,0,24,0,0,0,0,1326,0,1,0,0,0,1,1,0,0,0,93,42,1,8,19
sample_224,2,0,3,21,38,0,73,99,20,0,2,0,1,10,0,4,11,1,15118,0,1,0,0,53,0,0,4,0,0,38,0,1,2,2,0,0,3,0,1,0,11,0,13,0,3,3,3,0,0,415,0,0,9,12,0,10,0,0,8,0,0,0,0,12,26,10,14,0,30,0,0,0,0,0,2,4,19,14,2,0,7,7,6,1,0,0,6,0,0,2062,4,15,2,69,140,2,19,0,0,5,1,0,63,3,0,0,0,2,9,4,0,66,1,0,190,4,2,4,4,0,2,5,69,0,8,4,0
sample_225,60,9,0,10,162,83,18,28,331,0,5,0,22,9,37,1,25,1,4,33,0,1,10,77,2,4,272,4,0,116,2,57,70,0,4,32,15,0,6,0,381,225,0,23,4,7,3,24,65,0,11,0,28,2959,106,65,0,1,147,0,0,40,202,0,5,75,37,1,22,0,62,79,1,0,553,15,30,21,16,0,16,0,0,0,8,5,91,2,12,8150,0,0,87,86,1357,0,1,4,4,5,237,0,241,3,11,14,135,0,6,41,0,200,0,0,188,16,182,0,1,14,34,0,91,4,159,9,2
sample_226,6,0,43,0,273,0,17,11,0,1,0,1,0,0,1,4,0,0,3,9,0,47,1,0,0,8,0,4,1,0,0,17,30,2,0,0,5,3,2,0,0,0,2,28,0,19,0,2,0,0,0,0,8,7,5,6,0,1,2,1,11,3,7,0,11,4,2,0,0,0,0,7,11,2,227,22,1,0,0,8,0,2,48,0,0,0,13,6,0,14000,0,0,12,0,695,0,0,0,1,0,0,0,386,5,1,11,2,0,1,0,0,1599,0,3,0,24,0,0,5,0,8,0,15,0,23,0,0
sample_227,63,9,0,42,247,0,9,21,206,1,1,0,0,4,46,2,11,0,3,35,73,4,0,61,2,12,83,0,2,119,9,13,0,0,0,50,4,4,6,0,5,4,12,27,0,22,6,6,0,1,0,11,5,175,11,14,1,0,5,2,2,9,8,0,1,64,22,0,4,24,0,0,1,16,85,18,46,0,43,0,0,1,15,1,11,7,42,0,0,12428,22,18,107,0,312,88,4,0,4,9,0,1,347,2,55,0,4,8,0,13,0,381,0,3,6,25,42,116,1,3,24,0,24,6,24,3,0
sample_228,35,437,12,2,5,1,6,6,1,0,4,0,0,9,1780,0,1,2,3,0,709,1,0,0,2,4,4,0,1,0,0,56,7,2,6,10,0,10,1,139,6,8,0,0,0,0,0,8,36,0,0,2,0,6,0,0,5,1,36,0,0,121,27,163,9,1,9,32,0,0,0,16,4,4,200,0,2,0,0,0,0,0,0,6983,0,0,87,0,0,89,1,0,9,27,1126,2,0,2,0,0,0,37,2,0,139,0,0,23,0,59,191,559,55,0,0,0,5,2,0,0,3,80,0,2,450,0,14
sample_229,40,9,9,0,469,1,32,47,53,0,0,4,2,3,40,2,5,0,4,0,0,1,4,1,8,0,100,0,6,2,0,14,1,0,3,13,0,0,11,246,36,55,0,47,2,41,0,97,73,5,4,2,4,3885,3,87,9,2,246,0,0,31,0,132,5,0,12,0,4,0,7,0,0,22,55,46,0,0,0,0,0,3,40,30,0,2,0,0,3,24082,5,36,12,108,975,35,0,1,17,0,0,1619,675,6,1,6,0,0,0,0,0,148,0,68,0,45,83,0,4,3,0,24,309,10,0,3,6
sample_230,10,5,6,0,249,0,6,22,13,3,0,0,0,0,17,0,5,6,12,0,1,0,0,6,2,1,3,0,0,21,0,6,15,1,0,6,0,0,0,45,2,20,0,30,0,15,0,3,9,58,0,0,4,46,0,1,1,0,5,0,0,0,0,45,2,10,21,0,0,0,2,0,17,3,11,21,4,0,3,0,0,6,0,3,0,0,137,7,0,15541,4,0,3,4,348,0,1,0,0,19,1,37,422,48,0,2,0,3,0,78,0,4,0,25,44,20,21,20,0,0,4,26,14,0,1,0,3
sample_231,23,4,31,11,264,0,25,0,46,0,0,0,1,9,27,1,10,0,1,1,0,0,0,47,3,3,26,24,0,17,3,8,193,1,2,8,4,0,5,2,27,38,131,26,13,20,0,3,86,3,0,0,2,299,12,14,0,0,157,0,8,7,0,86,5,244,23,0,72,2,13,0,58,4,42,22,7,0,0,3,7,1,12,2,5,4,18,15,3,11632,9,4,36,0,356,18,1,0,4,6,684,2,335,2,1,0,9,0,9,2,0,417,50,10,42,26,18,2,0,0,0,7,38,0,164,0,2
sample_232,10,107,0,153,30,3,35,9,85,0,3,0,0,41,263,0,4,109,1,8,0,21,3,47,1,10,2459,0,3,28,8,188,3,0,0,172,43,488,42,179,50,180,15,0,3,2,0,167,0,1,8,35,0,3559,47,35,1,0,59,0,4,314,18,0,3,32,17,7,21,0,3,1,1,159,794,0,25,212,2,0,0,0,2,0,138,0,75,3470,7,1057,3,43,77,0,926,50,0,7,1,34,0,47,32,0,55,3,8,60,6,11,0,153,291,885,54,1,40,606,1,74,4,0,10,0,60,0,4
sample_233,5,0,17,21,225,0,47,0,25,1,4,1,0,5,0,2,16,13,1,3,0,8,2,934,11,0,7,0,9,1093,4,0,1,0,0,181,8,2,30,0,1,0,21,19,34,20,44,5,0,4,0,0,55,11,48,1,0,0,586,2,39,0,150,1,1,0,0,0,41,24,2,7,0,0,6,22,26,16,183,9,13,1,0,1,284,41,111,3,2,10181,33,119,66,0,6,68,35,0,10,18,118,0,292,3,0,54,4,0,60,0,493,11,0,62,0,24,101,0,3,0,74,0,345,7,5,16,1
sample_234,18,6,47,0,1,0,0,14,24,0,0,1,9,0,92,0,0,0,1,1,0,0,1,0,0,0,27,0,9,0,0,10,0,3,0,7,0,0,0,40,55,1,0,0,26,0,0,1,0,0,0,2,8,298,1,19,0,0,0,0,0,12,20,72,15,1,214,6,0,0,2,0,2,0,286,0,0,0,0,6,3,0,45,14032,0,0,36,0,0,6,3,5,4,0,79,1,0,27,7,0,0,22,2,0,36,0,16,0,0,18,52,7,98,6,0,0,42,283,0,0,5,0,90,1,0,4,0
sample_235,13,12,294,17,0,14,56,3,121,2,5,0,53,2,65,0,1,3,1,2,1,7,10,17,5,0,266,76,0,52,3,30,603,0,0,2,4,1,9,1,126,97,149,0,6,0,0,0,46,0,4,10,27,3937,46,9,12,2,173,1,12,87,0,34,1,0,167,19,58,2,25,0,86,15,3191,0,22,1,75,28,218,0,31,0,36,0,75,4,16,12,46,1,57,16,172,0,6,122,0,0,1838,0,1,0,46,64,15,0,19,48,14,63,8,1,0,0,47,2,0,19,14,38,97,34,85,1,5
sample_236,27,31,229,3,81,0,62,0,205,2,4,0,0,1,161,2,1,0,165,2,0,0,0,20,0,0,19,7,0,25,4,41,0,1,0,3,20,0,4,0,3,17,5,6,23,2,0,1,54,43,0,0,13,1,20,42,2,1,25,0,23,8,5,5,5,25,115,4,40,0,3,0,9,0,113,8,18,14,0,0,5,1,1,4751,0,0,73,0,0,3786,10,59,92,2,528,0,0,0,3,0,409,25,104,2,5,0,1,0,15,1,0,93,50,0,26,10,158,0,4,0,0,14,23,1,19,18,0
sample_237,1,13,0,18,197,0,8,71,0,2,1,17,0,3,31,7,11,0,461,1,0,0,1,0,2,1,79,0,0,24,0,22,2,2,3,0,7,1,2,28,6,0,5,12,6,7,0,3,34,82,0,0,3,45,0,23,1,0,275,1,0,7,5,87,11,186,22,0,0,3,0,1,0,0,110,18,11,11,5,0,0,11,53,2,5,0,24,6,0,9729,0,17,13,0,521,2,0,5,0,0,19,0,282,134,1,0,9,1,2,8,1,388,0,0,0,13,13,0,1426,1,4,22,11,0,27,1,0
sample_238,6,11,0,2,192,0,5,9,0,0,0,0,0,0,18,3,1,0,2,0,2,0,0,0,1,0,51,0,2,0,2,7,0,131,1,20,2,2,0,0,0,0,0,25,0,22,0,5,15,126,3,0,0,637,0,0,4,0,14,25,1,17,0,12,350,2,1,4,8,0,0,3,8,0,56,6,11,2,0,0,0,3,28,0,4,0,8,0,0,10742,0,1,0,1,325,0,6,0,0,0,0,0,303,6,1,0,7,0,0,5,5,80,2,2,0,17,0,3,2,3,0,7,5,0,2,0,2
sample_239,12,23,0,0,124,0,19,0,48,2,0,0,3,0,28,1,11,0,1,5,313,0,0,0,1,3,32,9,0,21,0,12,0,16,4,25,1,1,0,157,0,1,82,12,90,9,0,9,0,23,5,6,2,3918,0,0,7,0,100,6,22,204,0,327,65,39,7,0,18,1,8,4,35,0,55,12,21,2,21,17,1,1,358,702,10,0,16,2,4,7224,2,0,13,2,768,11,0,5,0,0,0,0,192,7,6,7,0,0,0,13,37,344,0,1,0,14,5,0,1,1,11,2,10,0,236,2,1
sample_240,13,0,1,36,332,0,5,4,0,4,0,2,36,10,0,2,13,8,4,1,0,63,4,77,11,4,2,16,0,10,4,0,20,24,8,0,2,0,3,0,632,0,58,29,30,22,1,0,1,26,0,0,0,13,2,31,0,3,288,7,2,0,25,1,63,19,2,0,10,0,49,137,0,0,3,24,21,1,17,9,0,1,0,2,42,8,2,1,2,17192,0,12,5,6,1,0,4,0,0,3,1,0,505,4,0,16,29,31,9,2,1,1,0,0,0,32,0,0,5,0,7,0,27,12,470,1,0
sample_241,3,2,0,12,360,37,39,0,0,3,0,3,10,3,28,1,24,0,3,2,0,53,0,17,0,23,0,2,4,10,0,0,16,51,1,51,0,6,1,0,116,1030,100,36,7,20,0,6,1,55,0,0,6,11,0,93,0,0,65,16,32,14,0,5,178,1314,0,0,39,3,22,55,1190,0,25,43,14,1,0,0,12,5,0,1,6,0,103,3,4,19977,587,18,2,0,75,9,18,0,5,4,3,0,530,8,4,19,0,0,0,1,100,286,130,25,1,66,1,0,7,0,0,11,77,3,32,0,9
sample_242,8,18,78,14,4,7,11,1,76,8,0,41,4,1,101,3,2,0,20,12,221,10,0,13,0,5,36,0,2,11,1,16,0,568,0,2,0,1,6,0,47,19,46,0,1,0,0,8,182,72,2,0,10,1713,0,1,20,2,21,298,0,49,0,258,13072,23,0,2,2,0,1,15,1,4,190,1,2,20,1,8,17,10,12,19,0,0,3,0,0,253,13,2,15,2,429,16,0,1,0,3,0,1,5,0,13,0,0,0,0,9,0,74,0,9,0,0,4,643,8,0,4,55,10,0,39,0,3
sample_243,16,12,0,5,11,1,7,0,270,0,0,0,1,0,162,0,0,0,2,5,0,3,0,5,3,4,0,0,0,13,0,0,0,3,1,0,0,8,4,21,19,0,1,1,0,0,0,2,0,21,2,8,10,1600,4,4,0,2,43,1,0,54,2,0,35,0,79,7,0,0,0,31,0,1,246,2,0,3,2,2,0,7,1,10162,0,0,9,0,0,491,0,2,2,3,5,0,0,0,0,0,0,113,12,0,24,2,22,0,0,5,125,4,71,2,0,0,5,0,2,0,0,0,0,0,124,0,1
sample_244,1,0,0,0,282,3,0,15,26,0,0,1,0,0,2,0,3,0,2,0,0,1,0,6,0,0,227,0,22,2,0,1,0,0,0,0,0,0,4,5,9,0,0,30,0,20,0,5,5,3,0,24,0,169,0,0,0,1,0,1,0,7,1,0,6,0,24,0,0,0,0,1,1,4,28,24,1,6,0,0,0,4,2,1,2,0,1,10,0,13965,0,0,0,0,33,0,0,0,0,0,0,1,413,5,5,0,1,1,0,0,2,14,0,3,0,22,3,0,2,0,0,0,8,0,0,0,0
sample_245,7,0,6,38,190,0,25,2,316,0,0,1,0,24,3,0,1,0,0,0,3,8,0,89,2,17,249,176,1,28,0,13,20,0,5,35,1,2,6,0,0,26,296,15,21,12,10,11,155,3,0,1,4,12,0,33,8,0,278,2,12,76,22,183,1,24,130,0,43,10,2,0,18,0,388,13,13,7,28,0,4,1,0,2,9,2,9,4,0,9961,0,18,15,38,479,6,3,0,2,7,81,136,268,0,6,0,6,0,10,0,23,3588,18,2,0,22,45,0,4,8,28,13,24,9,192,3,5
sample_246,1,22,1,25,10,1,6,0,585,7,0,0,3,17,72,0,0,12,0,10,2,93,7,51,17,5,917,8,6,17,2,95,0,0,25,193,8,20,1,1,119,168,65,1,1,0,12,132,731,0,3,274,4,3258,9,37,14,0,687,0,17,77,0,1500,4,31,52,0,2,5,6,490,0,4,436,0,28,0,156,15,0,0,0,0,0,5,80,12,2,343,0,35,12,3,1845,3,1,18,5,1,0,0,13,1,95,5,0,0,1,23,8,169,0,2,37,2,0,273,0,11,14,129,332,29,551,9,14
sample_247,3,89,0,0,147,0,0,5,64,0,0,2,0,0,320,1,0,0,7,0,1,0,0,0,0,0,1226,0,93,0,0,133,0,1,0,126,0,157,2,1,0,12,0,13,0,15,0,48,1,4,5,14,0,2576,0,0,4,0,0,1,1,93,0,125,2,0,2404,2,0,4,0,0,14,2,2166,15,1,4,0,1,0,0,2,0,0,0,0,4,0,7081,0,0,1,3,1270,44,0,19,0,0,0,227,222,2,63,0,2,0,0,0,0,110,0,45,7,16,2,855,1,37,1,5,0,8,0,0,2
sample_248,9,42,0,1,153,61,11,0,243,8,0,1,9,2,115,2,0,3,2,0,803,0,0,34,1,0,1,0,0,0,1,15,1,40,0,0,0,0,2,5,48,27,1,14,0,9,0,11,44,39,4,1,0,3698,6,0,4,0,52,3,0,205,26,75,80,42,134,8,16,0,3,0,30,2,859,5,25,5,0,0,0,3,2,1,1,0,7,0,0,8733,0,12,23,1,729,0,4,4,0,0,8,0,231,5,33,1,0,0,4,2,0,159,1,0,0,7,0,0,1,0,2,19,17,0,37,1,0
sample_249,1,0,0,7,345,2,0,6,5,0,0,4,0,0,0,4,0,0,23,0,3,0,0,1,0,0,3,0,0,0,0,0,1,26,0,0,0,0,0,0,0,1,0,30,0,16,0,0,0,38,0,0,2,19,0,6,0,0,0,4,0,0,0,9,87,5,1,0,43,0,0,0,0,0,6,29,0,6,0,0,0,1,3,8,2,0,13,0,0,18975,0,1,9,0,24,0,0,0,0,2,0,1,573,6,1,0,0,0,0,1,0,2,1,0,26,41,12,2,87,0,0,2,0,0,10,0,2
sample_250,1,2,0,0,188,0,63,117,3,0,0,0,0,0,4,4,0,1,2,0,0,0,0,320,1,0,3,0,12,0,0,39,339,0,3,170,0,2,3,401,0,465,56,22,0,15,20,37,515,0,0,1,0,8,575,0,93,0,60,0,394,0,265,8,1,0,119,0,0,4,0,305,0,10,652,35,0,2,18,0,2,0,2,2,0,15,0,0,0,9467,0,0,0,0,1724,13,0,2,0,0,0,3534,247,7,48,0,72,0,9,0,19,3,581,20,0,25,2,0,1,1,0,1,40,0,149,1,10
sample_251,4,5,1,15,100,1,15,46,6,4,0,39,0,2,18,6,3,11,3745,0,0,0,1,6,0,0,12,0,0,15,13,0,4,347,1,16,1,0,5,158,13,1,0,11,1,10,0,1,0,661,1,3,0,49,8,17,0,0,56,99,0,6,0,9,3203,199,7,0,117,0,4,0,0,0,11,11,79,0,2,0,0,20,37,1,5,0,17,0,3,4995,2,8,18,4,0,0,22,0,16,19,534,0,180,22,5,0,0,2,0,12,0,79,0,5,49,12,70,0,35,0,0,0,193,2,72,6,0
sample_252,9,0,0,0,357,26,5,11,2,1,0,0,0,0,1,2,0,0,3,1,20,3,0,0,1,0,15,0,0,8,2,0,0,0,1,2,0,0,3,1,2,1,0,27,7,29,0,0,12,8,0,5,0,190,3,0,0,0,22,1,1,8,0,4,1,6,1,0,16,1,3,0,4,2,4,25,5,0,0,3,0,5,0,2350,0,0,22,0,0,18021,0,0,0,1,19,2,0,0,2,7,3,1,522,16,0,0,15,0,4,0,5,1,0,0,0,25,3,141,5,0,0,0,0,0,59,2,0
sample_253,4,0,1,4,296,0,65,4,51,0,4,4,3,8,1,4,3,0,53,0,1,1,7,21,0,0,1,0,0,10,3,0,0,1,0,0,4,0,5,5,15,16,2,35,0,25,6,0,0,26,0,0,15,334,1,11,0,0,9,0,3,2,0,0,2,31,18,0,245,3,1,3,44,1,80,52,19,0,0,2,7,2,0,3,0,0,89,4,1,15659,9,17,15,215,28,0,5,0,5,3,0,2,446,14,0,0,0,76,0,21,0,6,0,0,62,32,0,0,5,0,0,0,88,0,3,2,0
sample_254,1,28,0,6,162,0,5,17,1,1,0,104,0,0,176,5,4,0,22,0,0,0,0,5,1,0,3,0,0,2,0,6,0,33,0,0,0,1,1,0,18,0,0,13,0,13,0,1,5,1209,1,0,0,552,2,3,0,0,8,9,0,18,1,2,38,9,26,1,2,0,0,0,3,0,68,15,0,0,0,1,0,611,0,2636,0,0,4,1,3,7828,0,3,0,0,115,0,0,0,0,0,1,4,231,20,20,0,0,0,0,5,1,64,33,0,1,17,5,337,11,0,0,0,15,0,2,1,0
sample_255,1,16,0,20,328,0,1,3,0,2,0,2,0,8,104,4,0,0,305,5,0,3,0,7,1,0,125,0,4,12,0,15,21,14,0,0,0,0,4,41,27,0,0,29,0,33,4,0,0,96,0,4,0,458,0,0,6,0,10,2,1,12,0,131,39,1,791,19,0,1,1,0,218,1,1752,21,0,0,0,5,0,6,362,756,0,0,6,0,0,16815,0,0,4,1,96,0,0,109,0,2,5,0,437,14,42,0,0,0,18,3,0,27,0,0,2,27,0,0,4,5,4,0,14,3,1,2,0
sample_256,1,0,10,6,133,1,6,2,0,5,0,0,0,0,0,2,0,0,1,5,1,19,0,1,2,2,3,0,0,0,0,0,0,1,0,0,0,17,3,1,1,0,2,10,12,16,0,20,0,0,5,0,3,4239,0,10,0,0,45,2,10,81,0,0,3,12,0,0,35,0,0,4,0,0,4,9,0,15,0,0,2,1,0,5,0,0,18,0,1,7275,0,0,133,10,5,12,0,0,1,0,1,0,183,1,1,0,0,0,0,2,0,9,387,0,0,8,18,0,5,0,3,1,18,13,76,1,8
sample_257,2,0,1,51,35,0,30,0,0,3,35,0,5,55,1,0,70,40,0,13,0,19,36,825,3,90,183,5,10,238,1,6,10,0,0,72,46,200,31,197,80,0,34,3,10,1,40,38,71,0,7,2,23,1859,44,20,0,0,112,0,6,48,7,80,4,242,120,0,0,0,8,40,0,86,18,2,24,2,27,2,0,0,39,1,127,16,509,2759,1,1395,80,82,86,0,104,15,42,0,4,33,0,1248,39,1,1,13,10,7,143,40,183,25,502,321,509,8,32,192,0,0,9,0,348,1,107,9,6
sample_258,1,0,9,2,2,0,15,0,0,1,0,0,0,0,18,1,0,0,1,0,0,1,0,14,0,0,0,4,1,33,2,1,3,0,0,3,0,0,0,79,0,0,3,0,0,0,0,0,2,0,0,0,10,9,0,7,0,1,43,0,0,2,0,0,1,3,1,0,1,6,0,0,0,0,2,0,11,0,22,19,0,1,40,19537,78,0,14,0,0,18,0,20,12,0,15,8,0,0,1,0,53,1,1,1,1,2,1,0,0,1,7,8,1,0,0,0,12,0,0,0,0,0,31,19,23,9,0
sample_259,1,6,18,32,310,1,8,40,0,0,1,7,1,4,30,4,17,0,7,3,0,7,0,8,2,0,84,9,0,15,0,6,0,6,2,2,7,0,3,44,9,8,31,21,1,18,0,0,20,299,1,3,4,428,1,3,3,0,92,0,2,5,73,76,4,25,50,2,43,3,0,3,5,3,68,31,0,3,0,0,4,185,1,5555,3,3,33,0,2,16433,0,4,27,0,254,15,1,111,0,0,0,15,438,30,4,0,26,2,0,13,0,34,25,3,133,32,23,0,3,0,0,2,5,0,35,1,6
sample_260,1,1,2,88,2,2,178,91,0,0,18,0,0,8,1,1,61,12,6963,0,0,0,6,573,16,53,6,0,30,0,0,6,1,0,9,0,1,230,37,0,0,0,2,1,0,0,31,101,0,3,1,0,3,20,0,229,0,0,510,1,127,17,168,1,24,188,0,0,109,25,1,21,0,34,503,0,1,1,42,0,0,4,2,11,0,13,418,139,0,53,215,145,42,35,356,0,0,0,7,0,0,0,5,1,3,0,57,49,0,214,0,3922,86,40,278,0,325,0,2,0,0,1,136,12,17,7,23
sample_261,0,1,5,0,281,0,212,103,229,2,2,0,3,0,14,4,0,0,1,1,0,0,3,2,0,2,2,0,0,20,0,1,0,0,0,1,9,26,21,85,24,6,0,26,2,19,0,13,9,1,0,0,0,482,0,2,0,0,2,0,3,1,42,27,3,0,79,0,23,0,5,0,31,4,357,26,2,18,3,0,0,3,7,1,12,0,43,5,1,13713,8,35,23,9,43,16,3,0,9,10,0,295,370,3,2,0,48,114,1,11,80,67,9,0,103,22,56,1,3,0,0,0,145,4,25,11,2
sample_262,0,75,31,9,1,0,23,0,1177,0,1,17,0,8,372,3,1,0,50,0,0,3,0,236,6,2,48,0,0,5,1,1,94,242,3,1,3,0,1,0,2,0,22,0,8,0,12,13,88,0,0,7,4,5,0,44,0,0,124,146,2,0,1,100,7837,34,608,2,0,3,0,0,39,0,2,0,6,0,0,0,0,4,866,4852,0,15,63,6,0,12,0,1,1,7,1,0,14,0,2,0,1,0,1,2,169,0,1,1,18,11,0,5,1,0,116,0,85,1,4,1,15,0,17,1,59,2,2
sample_263,0,20,2,105,287,187,1,2,0,9,2,4,12,5,121,0,6,1,1,3,1,9,5,326,0,0,3,0,16,60,4,12,3,1,0,14,9,2,28,0,179,20,11,25,28,21,21,11,198,1,0,1,3,607,5,34,24,0,38,1,0,40,21,20,5,523,356,0,44,0,18,1,401,12,98,28,53,35,2,3,8,4,1,0,34,10,27,26,13,14335,12,21,110,0,562,1,5,0,0,45,0,1,398,8,48,0,11,11,39,16,12,1018,22,32,0,33,90,0,4,0,18,77,32,0,47,7,2
sample_264,0,37,0,7,1,2,232,44,676,31,0,0,13,100,77,0,2,338,4,7,0,0,9,92,3,79,483,0,5,157,10,175,0,0,0,117,8,3,8,1,197,5,308,0,0,0,5,155,1,0,9,0,2,1975,31,69,29,0,29,0,80,29,5,882,1,75,1,4,0,0,23,28,428,48,386,0,108,0,2,4,0,0,2,1,56,0,44,30,6,11,0,54,89,167,6537,34,19,8,2,2,0,1,5,0,7,0,10,38,12,1,201,354,1,13,3,0,178,373,0,15,2,0,280,3,3,4,5
sample_265,0,107,0,0,386,0,102,194,2607,0,0,5,0,0,1038,1,0,0,80,1,1,1,0,0,0,16,501,0,5,0,0,0,0,1,0,0,0,339,0,1,0,0,0,45,6,24,0,115,0,37,0,52,0,9,0,0,0,0,1,0,138,0,6,3,14,0,344,58,0,6,0,103,0,10,675,44,0,0,0,0,0,13,2,5,0,0,0,0,0,15056,0,0,1,0,3,0,0,0,5,0,0,0,2748,6,35,0,0,0,0,0,6,3,0,21,0,48,0,0,4,0,0,0,102,0,0,4,7
sample_266,0,15,95,0,136,18,13,0,1,8,0,0,5,0,53,1,12,0,192,2,1,35,0,47,3,7,249,3,2,15,0,39,1,13,5,40,0,2,0,0,10,10,7,12,3,14,3,2,0,67,1,70,10,18,0,15,14,0,43,4,66,29,18,284,55,12,142,0,4,0,3,25,290,2,10,9,6,7,13,8,3,1,76,0,11,1,6,2,0,8001,36,5,0,0,1142,0,3,6,0,0,34,0,217,4,8,22,11,7,62,10,1,2853,0,3,16,9,2,563,1,1,6,106,1,4,53,0,3
sample_267,0,0,0,1,494,0,1,0,0,1,0,2,0,0,1,8,0,0,608,0,1,0,0,2,0,0,3,0,1,1,0,4,0,8,0,0,0,0,0,12,1,0,0,47,0,57,0,0,2,85,0,13,0,1705,0,0,0,0,1,1,0,2,0,1,39,0,128,0,4,0,0,0,2,0,126,63,3,1,10,3,0,2,0,6534,0,0,0,0,0,24559,0,0,2,3,127,2,0,0,0,0,0,3,720,12,1,0,0,1,0,0,0,43,0,0,0,57,0,1,3,0,0,0,2,0,0,0,0
sample_268,0,954,37,0,72,1,75,0,75,13,5,5,1,0,3244,4,1,3,29,2,1867,0,0,0,0,34,24,0,3,1,0,11,10,193,0,0,0,6,7,68,0,0,0,6,1,5,0,25,0,303,0,198,7,5,0,40,0,0,2,45,5,73,0,1,1508,0,413,24,1,3,0,1483,2425,4,1,4,0,0,0,0,0,2,261,3452,0,0,214,26,0,3722,0,3,7,7,1269,37,0,5,1,5,0,225,104,6,323,0,0,0,0,52,1,4,49,9,0,1,0,220,3,1,9,0,95,21,77,5,2
sample_269,0,65,35,5,64,0,26,50,494,0,0,64,0,0,338,16,315,0,58,3,140,5,3,46,2,0,88,12,2,33,3,56,97,743,1,12,0,5,23,241,1,7,24,2,0,7,4,4,72,693,2,8,50,2582,1,8,4,0,119,397,5,82,0,23,10451,21,1059,10,0,7,0,6,25,13,656,1,22,0,0,0,0,49,205,3,17,1,7,17,0,3208,2,0,2,44,1271,15,7,2,2,7,55,0,92,103,86,0,17,17,0,0,2,175,0,18,1,13,169,155,5,6,0,2,154,0,38,2,2
sample_270,0,0,0,0,330,0,3,0,26,0,0,3,0,3,7,6,1,0,3,0,0,0,0,0,0,0,2,0,0,0,6,0,0,1,0,0,3,0,0,2,0,1,0,31,0,32,0,0,3,3,0,38,0,12,0,8,0,0,1,0,0,0,2,1,2,0,106,0,23,4,0,0,0,1,14,36,31,0,1,0,0,2,25,4,2,0,6,4,0,17775,0,24,1,24,28,0,0,0,0,7,2,0,478,10,0,0,0,0,0,0,0,0,43,5,0,35,28,0,3,0,0,0,0,0,0,0,0
sample_271,0,16,1,17,2,0,18,16,0,3,0,11,1,4,70,5,13,0,212,0,1,0,0,0,7,3,7,0,0,11,4,26,0,1,10,0,0,0,3,41,1,0,1,0,0,0,0,0,1,0,4,0,24,3126,0,34,0,0,169,2,0,34,12,0,6,0,8,4,2,0,0,43,116,9,147,0,15,0,0,0,0,1,192,13767,0,0,13,0,0,13,0,1,5,0,169,3,0,3,0,4,0,1,1,4,2,0,63,0,0,17,0,117,0,2,0,0,89,2,37,0,1,0,24,0,72,0,0
sample_272,0,2,1,28,193,0,12,0,0,3,4,1,0,0,6,0,0,7,5,0,1,0,1,57,0,8,3,0,1,33,0,0,0,1,0,51,2,73,20,0,1,0,0,13,0,11,1,364,0,9,0,177,2,28,5,27,9,0,10,1,14,50,0,82,5,2,402,0,1,3,0,1,1,22,202,16,7,0,0,0,0,3,0,5,0,0,180,595,0,9335,0,14,12,17,3,102,0,0,0,2,0,1,266,6,6,0,6,7,0,135,2,4191,196,322,0,23,48,0,1,1,2,0,15,0,15,0,16
sample_273,0,11,0,0,210,0,9,1,0,0,0,1,4,0,17,0,0,0,0,0,0,0,0,13,0,3,931,0,9,0,0,0,0,0,0,18,0,0,0,0,18,16,0,21,0,28,1,4,71,0,0,0,5,439,0,3,0,0,10,0,0,29,0,8,3,0,0,0,0,0,0,2,8,17,92,41,2,3,0,0,2,4,0,587,0,0,0,14,0,11319,0,2,0,0,4,0,0,0,0,0,0,0,319,6,0,0,5,0,11,0,149,7,1,6,24,24,2,167,2,6,0,1,0,0,0,0,0
sample_274,0,5,0,0,147,0,33,0,276,0,0,1,0,1,6,4,43,0,2,0,1,1,3,1,0,18,105,199,2,35,0,13,0,30,0,21,0,6,0,211,1,55,0,21,65,11,0,10,618,44,1,94,93,1427,0,0,14,0,3,4,0,39,40,204,125,0,0,0,0,7,11,1,0,1,99,11,0,0,1,12,0,0,0,30,3,0,4,0,0,8123,34,0,0,0,303,11,0,1,1,0,369,2378,211,6,3,3,5,0,0,0,8,55,121,3,95,20,17,0,3,3,0,94,30,0,0,1,3
sample_275,0,0,0,0,67,60,0,5,0,0,0,0,0,0,1,0,0,0,0,0,0,0,0,0,0,0,7,0,79,418,0,0,0,0,0,0,0,0,0,1,0,0,0,9,0,1,0,0,1,0,0,0,0,4,6,0,0,0,0,1,0,0,0,0,2,0,2,0,0,0,0,0,2,0,8729,3,1,0,0,0,0,0,1,0,0,0,0,0,0,3393,0,0,0,30,1,0,0,0,0,0,0,0,116,4,14,0,0,0,0,0,0,2,0,0,0,2,0,1,0,0,0,0,93,1,0,0,0
sample_276,0,61,26,56,9,2,32,56,0,12,0,2,36,10,427,1,14,2,0,14,1,114,13,136,3,0,72,47,0,77,1,46,60,1,0,0,26,0,11,0,470,1,422,0,7,2,17,4,0,3,1,0,26,225,13,8,49,0,324,1,91,192,2,0,12,30,1,16,0,12,24,12,24,0,738,0,15,0,12,7,0,0,526,8083,0,4,18,107,12,198,0,15,154,65,1155,0,17,4,1,5,0,5,6,0,1011,0,0,1,6,0,0,4546,383,8,2,0,0,0,0,8,44,170,145,18,1,21,33
sample_277,0,34,145,257,3,0,161,6,78,19,5,0,289,95,168,0,30,6,0,11,1,29,41,22,0,0,397,8,2,75,13,49,0,0,16,3,5,10,14,0,4085,3,2,0,21,0,1,7,0,0,2,11,71,350,223,14,5,0,3,0,12,22,0,111,2,286,48,8,460,66,158,2,2,3,326,0,172,2,112,84,0,0,41,0,0,3,79,332,89,73,0,26,170,47,617,0,13,2,8,0,1,2,4,0,14,0,0,69,0,7,1,19,53,10,1,1,16,617,0,4,205,13,215,116,1779,10,1
sample_278,0,0,0,36,0,29,12,0,139,37,1,1,102,166,1,0,0,0,1,4,0,1148,8,128,8,5,2,0,21,4,4,9,0,0,0,55,0,19,69,0,1231,0,0,0,556,0,3,0,455,0,6,3,59,4842,54,0,14,0,414,0,2,123,38,0,0,43,287,0,0,33,106,2,0,15,1558,0,24,6,0,77,45,0,1,1,0,6,16,107,23,6,0,6,45,1,409,2,0,0,5,10,0,0,1,0,68,6,0,0,3,8,16,1753,826,5,81,0,476,0,0,0,6,24,93,0,9,0,2
sample_279,0,0,0,1,0,0,9,0,0,5,0,11,0,0,1,2,0,0,14626,5,0,0,0,6,0,0,0,0,0,1,23,0,2,37,0,0,0,7,3,0,7,0,0,0,0,0,0,4,0,1,0,0,4,5,0,0,0,0,3,33,0,0,5,0,1234,51,0,0,0,0,2,0,0,0,3,0,66,1,0,0,1,9,0,11,0,0,8,3,0,48,0,0,9,3,0,0,0,0,2,1,0,0,2,2,0,0,0,0,0,0,0,1,0,0,0,0,38,0,0,0,0,0,2,0,6,1,0
sample_280,0,148,55,35,0,0,67,0,621,0,2,0,4,21,636,0,71,0,1,21,1,5,10,23,34,0,1010,0,3,0,14,120,0,0,6,295,2,19,3,332,71,33,0,0,40,0,14,20,141,0,9,10,42,2342,14,71,0,0,1078,1,0,163,28,1,2,520,1296,9,30,8,33,0,159,30,331,0,74,1,12,2,19,0,0,4,0,6,24,32,2,21,0,0,29,9,1158,4,27,6,4,13,0,2,1,0,399,9,21,5,3,10,60,653,1,15,46,0,17,0,0,26,0,0,155,0,15,3,10
sample_281,0,38,0,0,79,186,2,4,1,0,0,3,0,0,243,0,0,0,4,0,0,0,0,0,0,0,337,0,7,0,0,40,1,2,0,25,0,113,0,0,0,0,0,9,0,2,0,0,0,72,6,0,0,4633,0,15,0,0,1,0,0,129,0,1,2,0,3,18,17,0,0,0,25,15,809,4,0,4,0,10,0,22,0,2,0,0,83,0,0,3587,0,2,1,17,549,0,7,1,0,0,2,0,106,3,48,0,0,0,0,31,368,167,29,0,0,6,0,1074,3,11,0,0,0,0,0,0,0
sample_282,0,5,1,0,370,3,38,5,57,10,0,1,0,9,24,1,0,0,4,1,0,1,0,2,0,0,68,0,4,18,2,0,0,1,0,0,0,0,24,215,0,1,0,30,0,40,0,0,0,2,0,3,7,5,0,8,0,0,12,0,0,15,1,3,10,19,2,0,5,0,0,0,0,1,4,41,18,0,0,0,0,3,3,0,0,0,4,22,0,20279,0,16,0,2,2,0,4,0,0,3,0,0,515,4,13,0,2,6,0,1,0,60,0,0,0,45,0,3,2,2,0,0,1,0,0,0,0
sample_283,0,30,0,0,312,0,1,0,90,0,0,4,0,0,69,6,0,5,1,0,1130,0,0,0,0,1,75,0,26,0,0,2,0,2,0,38,0,11,0,0,0,21,0,29,0,16,0,56,227,39,0,2,0,768,0,0,33,0,1,0,0,132,0,588,5,0,15,0,10,0,0,0,54,2,21,28,0,0,0,0,0,40,2,4,0,0,1,30,0,15606,0,2,0,0,16,11,0,0,1,0,0,0,438,6,112,0,0,56,0,0,6,9,1,14,0,30,0,1,5,1,0,48,0,0,5,0,0
sample_284,0,2,0,45,94,0,8,3,1,0,0,20,0,0,0,2,0,0,4344,0,0,0,0,0,0,0,0,0,7,101,0,10,0,15,0,4,0,14,0,0,0,0,0,8,0,7,0,7,0,346,20,1,0,8346,1,0,0,0,0,13,0,1,0,0,150,0,0,0,1,3,0,0,0,0,1,10,0,3,0,0,0,17,0,293,0,0,19,10,0,4258,0,0,1,3,4,0,0,0,0,0,0,1,139,112,0,0,1,1,0,11,0,19,1,23,1,7,0,0,3,0,1,0,0,0,0,0,0
sample_285,0,0,0,0,69,7528,0,114,0,0,0,0,0,0,0,1,0,0,2,0,0,0,0,0,0,0,1,0,0,0,0,0,0,0,0,0,0,0,0,0,0,0,0,5,0,7,0,0,0,1,0,0,0,1,0,0,0,0,0,0,0,0,0,0,1,0,1,0,0,0,0,0,0,3,1,14,0,0,0,0,0,1,0,1,0,0,0,0,0,4147,0,0,0,7,2,0,0,0,0,0,0,0,120,0,0,0,0,0,0,0,0,1,0,0,0,14,0,0,1,0,0,0,0,0,0,0,0
sample_286,0,0,0,0,368,18,29,0,2,0,0,1,0,1,0,2,8,0,2,0,0,0,1,263,1,0,0,0,1,0,0,0,0,1,0,0,0,10,0,0,5,84,0,30,36,26,25,0,0,1,0,0,2,1,30,0,1,0,75,0,0,0,22,0,2,0,0,0,1,0,7,37,0,5,1,44,0,1,0,0,0,1,0,0,0,7,0,7,0,18745,1,0,45,3,2,0,0,0,6,7,0,4,493,5,0,11,73,0,0,0,0,2,0,8,0,29,191,0,2,0,0,0,59,0,0,5,0
sample_287,0,0,0,0,509,0,0,213,0,0,3,0,0,0,0,1,0,0,1,0,0,0,0,0,0,0,1,0,0,2,4,0,0,56,0,0,0,0,0,0,4,0,0,35,1,55,0,0,1,62,0,0,0,1,0,0,0,0,0,9,0,0,0,0,207,2,1,0,16,0,0,0,0,0,1,33,15,5,0,0,0,2,0,2,0,0,8,0,0,15088,0,17,0,13,1,0,0,1,0,0,0,1,6201,8,0,1,0,0,0,4,0,2,0,0,3,47,12,1,5,0,1,0,2,0,2,0,0
sample_288,0,0,0,0,103,10,2,32,1,0,0,18684,0,1,0,1,0,0,9,1,0,0,0,0,0,0,0,0,0,0,3,0,0,28,0,0,0,1,0,0,0,0,0,8,0,6,0,0,0,1492,0,2,0,7,0,5,0,0,1,4,0,0,1,0,101,0,0,0,43,0,0,1,1,0,1,5,9,0,0,0,0,1143,2,1,0,0,5,0,0,5683,0,1,7,20,0,0,1,0,0,1,0,0,147,30,0,0,0,0,0,10,0,3,0,0,7,14,0,0,46,0,0,0,4,0,0,0,0
sample_289,0,0,0,17,365,7,0,49,1,0,0,5,1,0,1,7,7,0,9,0,0,2,0,0,0,0,3,0,0,1,1,0,0,266,0,0,2,0,3,0,0,0,0,46,1,21,0,0,0,346,0,0,0,7,0,3,0,0,0,59,1,0,0,0,822,0,1,0,31,0,0,2,1,0,10,32,12,0,0,0,0,12,1,3,2,0,0,0,0,19301,0,1,0,18,2,0,0,0,0,1,0,0,555,15,0,0,0,0,0,0,0,0,0,0,0,35,0,0,7,0,0,0,0,0,0,0,0
